Warehouse,StockItemKey,AvailableDate,Quantity
DEFAULT,091037645074,,324.0
DEFAULT,091037645623,,328.0
DEFAULT,091037645821,,499.0
DEFAULT,091037645999,,681.0
DEFAULT,810070820114,,9999.0
DEFAULT,810070820121,,9999.0
DEFAULT,810070820138,,9999.0
DEFAULT,810070820145,,9999.0
DEFAULT,810070820152,,9999.0
DEFAULT,810070820169,,9999.0
DEFAULT,810070820176,,9999.0
DEFAULT,810070820183,,9999.0
DEFAULT,810070820190,,9999.0
DEFAULT,810070820206,,9999.0
DEFAULT,810070820213,,9999.0
DEFAULT,810070820220,,19998.0
DEFAULT,810070820237,,9999.0
DEFAULT,810070820244,,9999.0
DEFAULT,810070820251,,9999.0
DEFAULT,810070820268,,9999.0
DEFAULT,810070820275,,9999.0
DEFAULT,810070820282,,9999.0
DEFAULT,810070820299,,9999.0
DEFAULT,810070820305,,9999.0
DEFAULT,810070821012,,9999.0
DEFAULT,810070821029,,9999.0
DEFAULT,810070821036,,9999.0
DEFAULT,810070821043,,9999.0
DEFAULT,810070821050,,9999.0
DEFAULT,810070821067,,9999.0
DEFAULT,810070821074,,9999.0
DEFAULT,810070821081,,9999.0
DEFAULT,810070821098,,9999.0
DEFAULT,810070821104,,9999.0
DEFAULT,810070821111,,9999.0
DEFAULT,810070821128,,9999.0
DEFAULT,810070821135,,9999.0
DEFAULT,810070821142,,9999.0
DEFAULT,810070821159,,9999.0
DEFAULT,810070821166,,9999.0
DEFAULT,810070821173,,9999.0
DEFAULT,810070821180,,9999.0
DEFAULT,810070821197,,9999.0
DEFAULT,810070821203,,9999.0
DEFAULT,810070821968,,9999.0
DEFAULT,810070821975,,9999.0
DEFAULT,810070821982,,9999.0
DEFAULT,810070821999,,9999.0
DEFAULT,810070822002,,9999.0
DEFAULT,810070822019,,9999.0
DEFAULT,810070822026,,9999.0
DEFAULT,810070822033,,9999.0
DEFAULT,810070822040,,9999.0
DEFAULT,810070822057,,9999.0
DEFAULT,810070822064,,9999.0
DEFAULT,810070822071,,9999.0
DEFAULT,810070822088,,9999.0
DEFAULT,810070822095,,9999.0
DEFAULT,810070822101,,9999.0
DEFAULT,810070822118,,9999.0
DEFAULT,810070822125,,9999.0
DEFAULT,810070822132,,9999.0
DEFAULT,810070822149,,9999.0
DEFAULT,810070822156,,9999.0
DEFAULT,810070822880,,9999.0
DEFAULT,810070822897,,9999.0
DEFAULT,810070822903,,9999.0
DEFAULT,810070822910,,9999.0
DEFAULT,810070822927,,9999.0
DEFAULT,810070822934,,9999.0
DEFAULT,810070822941,,9999.0
DEFAULT,810070822958,,9999.0
DEFAULT,810070822965,,9999.0
DEFAULT,810070822972,,9999.0
DEFAULT,810070822989,,9999.0
DEFAULT,810070822996,,9999.0
DEFAULT,810070823009,,9999.0
DEFAULT,810070823016,,9999.0
DEFAULT,810070823023,,9999.0
DEFAULT,810070823030,,9999.0
DEFAULT,810070823047,,9999.0
DEFAULT,810070823054,,9999.0
DEFAULT,810070823061,,9999.0
DEFAULT,810070823078,,9999.0
DEFAULT,810070823108,,9999.0
DEFAULT,810070823115,,9999.0
DEFAULT,810070823122,,9999.0
DEFAULT,810070823139,,9999.0
DEFAULT,810070823146,,9999.0
DEFAULT,810070823153,,19998.0
DEFAULT,810070823160,,9999.0
DEFAULT,810070823177,,9999.0
DEFAULT,810070823184,,9999.0
DEFAULT,810070823207,,9999.0
DEFAULT,810070823214,,9999.0
DEFAULT,810070823221,,9999.0
DEFAULT,810070823238,,9999.0
DEFAULT,810070823245,,9999.0
DEFAULT,810070823252,,9999.0
DEFAULT,810070823269,,9999.0
DEFAULT,810070823276,,9999.0
DEFAULT,810070823283,,9999.0
DEFAULT,810070823290,,9999.0
DEFAULT,810070823931,,0.0
DEFAULT,810070823948,,0.0
DEFAULT,810070823955,,0.0
DEFAULT,810070823962,,0.0
DEFAULT,810070823979,,0.0
DEFAULT,810070823986,,0.0
DEFAULT,810070823993,,0.0
DEFAULT,810070824006,,0.0
DEFAULT,810070824013,,0.0
DEFAULT,810070824020,,0.0
DEFAULT,810070824037,,0.0
DEFAULT,810070824044,,0.0
DEFAULT,810070824051,,0.0
DEFAULT,810070824068,,0.0
DEFAULT,810070824075,,0.0
DEFAULT,810070824082,,0.0
DEFAULT,810070824099,,0.0
DEFAULT,810070824105,,0.0
DEFAULT,810070824112,,0.0
DEFAULT,810070824129,,0.0
DEFAULT,810070824136,,0.0
DEFAULT,810070824143,,0.0
DEFAULT,810070824150,,0.0
DEFAULT,810070824167,,0.0
DEFAULT,810070824570,,9999.0
DEFAULT,810070824839,,0.0
DEFAULT,810070824846,,0.0
DEFAULT,810070824853,,0.0
DEFAULT,810070824860,,0.0
DEFAULT,810070824877,,0.0
DEFAULT,810070824884,,0.0
DEFAULT,810070824921,,0.0
DEFAULT,810070825607,,9999.0
DEFAULT,810070825614,,9999.0
DEFAULT,810070825706,,9999.0
DEFAULT,810070825713,,9999.0
DEFAULT,810070825799,,9999.0
DEFAULT,810070825805,,9999.0
DEFAULT,810070825881,,9999.0
DEFAULT,810070825898,,9999.0
DEFAULT,810070825904,,9999.0
DEFAULT,810070825911,,9999.0
DEFAULT,810070826000,,9999.0
DEFAULT,810070826017,,9999.0
DEFAULT,810070826093,,9999.0
DEFAULT,810070826109,,9999.0
DEFAULT,810070826185,,9999.0
DEFAULT,810070826192,,9999.0
DEFAULT,810070826277,,9999.0
DEFAULT,810070826284,,9999.0
DEFAULT,810070826291,,9999.0
DEFAULT,810070826307,,9999.0
DEFAULT,810070826758,,9999.0
DEFAULT,810070826765,,9999.0
DEFAULT,810070826772,,9999.0
DEFAULT,810070826789,,9999.0
DEFAULT,810070826796,,9999.0
DEFAULT,810070826802,,9999.0
DEFAULT,810070826819,,9999.0
DEFAULT,810070826826,,9999.0
DEFAULT,810070826833,,9999.0
DEFAULT,810070826840,,9999.0
DEFAULT,810070826857,,9999.0
DEFAULT,810070826864,,9999.0
DEFAULT,810070826871,,9999.0
DEFAULT,810070826888,,9999.0
DEFAULT,810070826895,,9999.0
DEFAULT,810070826901,,9999.0
DEFAULT,810070826918,,9999.0
DEFAULT,810070826925,,9999.0
DEFAULT,810070826932,,9999.0
DEFAULT,810070826949,,9999.0
DEFAULT,810070827052,,9999.0
DEFAULT,810070827069,,9999.0
DEFAULT,810070827076,,9999.0
DEFAULT,810070827083,,9999.0
DEFAULT,810070827090,,9999.0
DEFAULT,810070827106,,9999.0
DEFAULT,810070827113,,9999.0
DEFAULT,810070827120,,9999.0
DEFAULT,810070827137,,9999.0
DEFAULT,810070827144,,9999.0
DEFAULT,810070827151,,9999.0
DEFAULT,810070827168,,9999.0
DEFAULT,810070827175,,9999.0
DEFAULT,810070827182,,9999.0
DEFAULT,810070827199,,9999.0
DEFAULT,810070827205,,9999.0
DEFAULT,810070827212,,9999.0
DEFAULT,810070827229,,9999.0
DEFAULT,810070827236,,9999.0
DEFAULT,810070827243,,9999.0
DEFAULT,810070827359,,9999.0
DEFAULT,810070827366,,9999.0
DEFAULT,810070827373,,9999.0
DEFAULT,810070827380,,9999.0
DEFAULT,810070827397,,9999.0
DEFAULT,810070827403,,9999.0
DEFAULT,810070827410,,9999.0
DEFAULT,810070827427,,9999.0
DEFAULT,810070827434,,9999.0
DEFAULT,810070827441,,9999.0
DEFAULT,810070827458,,9999.0
DEFAULT,810070827465,,9999.0
DEFAULT,810070827472,,9999.0
DEFAULT,810070827489,,9999.0
DEFAULT,810070827496,,9999.0
DEFAULT,810070827502,,9999.0
DEFAULT,810070827519,,9999.0
DEFAULT,810070827526,,9999.0
DEFAULT,810070827533,,9999.0
DEFAULT,810070827540,,9999.0
DEFAULT,810070828462,,9999.0
DEFAULT,810070828479,,9999.0
DEFAULT,810070828486,,9999.0
DEFAULT,810070828493,,9999.0
DEFAULT,810070828509,,9999.0
DEFAULT,810070828516,,9999.0
DEFAULT,810070828523,,9999.0
DEFAULT,810070828530,,9999.0
DEFAULT,810070828547,,9999.0
DEFAULT,810070828554,,9999.0
DEFAULT,810070828561,,9999.0
DEFAULT,810070828578,,9999.0
DEFAULT,810070828585,,9999.0
DEFAULT,810070828592,,9999.0
DEFAULT,810070828608,,9999.0
DEFAULT,810070828615,,9999.0
DEFAULT,810070828622,,9999.0
DEFAULT,810070828639,,9999.0
DEFAULT,810070828646,,9999.0
DEFAULT,810070828653,,9999.0
DEFAULT,810070828769,,9999.0
DEFAULT,810070828776,,9999.0
DEFAULT,810070828783,,9999.0
DEFAULT,810070828790,,9999.0
DEFAULT,810070828806,,9999.0
DEFAULT,810070828813,,9999.0
DEFAULT,810070828820,,9999.0
DEFAULT,810070828837,,9999.0
DEFAULT,810070828844,,9999.0
DEFAULT,810070828851,,9999.0
DEFAULT,810070828868,,9999.0
DEFAULT,810070828875,,9999.0
DEFAULT,810070828882,,9999.0
DEFAULT,810070828899,,9999.0
DEFAULT,810070828905,,9999.0
DEFAULT,810070828912,,9999.0
DEFAULT,810070828929,,9999.0
DEFAULT,810070828936,,9999.0
DEFAULT,810070828943,,9999.0
DEFAULT,810070828950,,9999.0
DEFAULT,810070829162,,9999.0
DEFAULT,810070829179,,9999.0
DEFAULT,810070829186,,9999.0
DEFAULT,810070829193,,9999.0
DEFAULT,810070829209,,9999.0
DEFAULT,810070829216,,9999.0
DEFAULT,810070829223,,9999.0
DEFAULT,810070829230,,9999.0
DEFAULT,810070829247,,9999.0
DEFAULT,810070829254,,9999.0
DEFAULT,810070829261,,9999.0
DEFAULT,810070829278,,9999.0
DEFAULT,810070829285,,9999.0
DEFAULT,810070829292,,9999.0
DEFAULT,810070829308,,9999.0
DEFAULT,810070829315,,9999.0
DEFAULT,810070829322,,9999.0
DEFAULT,810070829339,,9999.0
DEFAULT,810070829346,,9999.0
DEFAULT,810070829353,,9999.0
DEFAULT,810070829650,,9999.0
DEFAULT,810070829667,,9999.0
DEFAULT,810070829681,,9999.0
DEFAULT,810070829698,,9999.0
DEFAULT,810070829711,,9999.0
DEFAULT,810070829728,,9999.0
DEFAULT,810070829735,,9999.0
DEFAULT,810070829742,,9999.0
DEFAULT,810070829810,,9999.0
DEFAULT,810070829827,,9999.0
DEFAULT,810070829841,,9999.0
DEFAULT,810070829858,,9999.0
DEFAULT,810070829872,,9999.0
DEFAULT,810070829896,,9999.0
DEFAULT,810070829926,,9999.0
DEFAULT,810070829933,,9999.0
DEFAULT,810070829940,,9999.0
DEFAULT,810070829957,,9999.0
DEFAULT,810070829971,,9999.0
DEFAULT,810070829988,,9999.0
DEFAULT,840290900051,,9999.0
DEFAULT,840290900068,,9999.0
DEFAULT,840290900082,,9999.0
DEFAULT,840290900129,,9999.0
DEFAULT,840290900136,,9999.0
DEFAULT,840290900877,,9999.0
DEFAULT,840290900891,,1585.0
DEFAULT,840290900921,,0.0
DEFAULT,840290900945,,0.0
DEFAULT,840290900952,,0.0
DEFAULT,840290900969,,0.0
DEFAULT,840290900976,,0.0
DEFAULT,840290900983,,0.0
DEFAULT,840290900990,,0.0
DEFAULT,840290901720,,0.0
DEFAULT,840290901737,,0.0
DEFAULT,840290901744,,0.0
DEFAULT,840290901751,,0.0
DEFAULT,840290901768,,0.0
DEFAULT,840290901775,,0.0
DEFAULT,840290902246,,9999.0
DEFAULT,840290902253,,9999.0
DEFAULT,840290902352,,9999.0
DEFAULT,840290902369,,9999.0
DEFAULT,840290902383,,9999.0
DEFAULT,840290902390,,9999.0
DEFAULT,840290902468,,9999.0
DEFAULT,840290902482,,9999.0
DEFAULT,840290902505,,9999.0
DEFAULT,840290902512,,9999.0
DEFAULT,840290902574,,9999.0
DEFAULT,840290902581,,9999.0
DEFAULT,840290902666,,9999.0
DEFAULT,840290902673,,9999.0
DEFAULT,840290902697,,9999.0
DEFAULT,840290902703,,9999.0
DEFAULT,840290902727,,9999.0
DEFAULT,840290902734,,9999.0
DEFAULT,840290902772,,9999.0
DEFAULT,840290902789,,9999.0
DEFAULT,840290902796,,9999.0
DEFAULT,840290902802,,9999.0
DEFAULT,840290903809,,9999.0
DEFAULT,840290903816,,9999.0
DEFAULT,840290903823,,9999.0
DEFAULT,840290903830,,9999.0
DEFAULT,840290903847,,9999.0
DEFAULT,840290903854,,9999.0
DEFAULT,840290903861,,9999.0
DEFAULT,840290904257,,9999.0
DEFAULT,840290904264,,9999.0
DEFAULT,840290904271,,9999.0
DEFAULT,840290904288,,9999.0
DEFAULT,840290904295,,19998.0
DEFAULT,840290904301,,9999.0
DEFAULT,840290904318,,9999.0
DEFAULT,840290904325,,9999.0
DEFAULT,840290904332,,9999.0
DEFAULT,840290904349,,9999.0
DEFAULT,840290904356,,9999.0
DEFAULT,840290904363,,9999.0
DEFAULT,840290904370,,9999.0
DEFAULT,840290904387,,9999.0
DEFAULT,840290904394,,9999.0
DEFAULT,840290904400,,9999.0
DEFAULT,840290904417,,9999.0
DEFAULT,840290904424,,9999.0
DEFAULT,840290904431,,9999.0
DEFAULT,840290904448,,9999.0
DEFAULT,840290904455,,9999.0
DEFAULT,840290904462,,9999.0
DEFAULT,840290904479,,9999.0
DEFAULT,840290904486,,9999.0
DEFAULT,840290904493,,9999.0
DEFAULT,840290904509,,9999.0
DEFAULT,840290904516,,9999.0
DEFAULT,840290904523,,9999.0
DEFAULT,840290904530,,9999.0
DEFAULT,840290904547,,9999.0
DEFAULT,840290904554,,9999.0
DEFAULT,840290904561,,9999.0
DEFAULT,840290904578,,9999.0
DEFAULT,840290904585,,9999.0
DEFAULT,840290904592,,9999.0
DEFAULT,840290904608,,9999.0
DEFAULT,840290904615,,9999.0
DEFAULT,840290904684,,9999.0
DEFAULT,840290904691,,19998.0
DEFAULT,840290904707,,9999.0
DEFAULT,840290904714,,9999.0
DEFAULT,840290904721,,9999.0
DEFAULT,840290904738,,9999.0
DEFAULT,840290904745,,9999.0
DEFAULT,840290904752,,9999.0
DEFAULT,840290904769,,9999.0
DEFAULT,840290904776,,9999.0
DEFAULT,840290904783,,9999.0
DEFAULT,840290904790,,9999.0
DEFAULT,840290904806,,9999.0
DEFAULT,840290904813,,9999.0
DEFAULT,840290904820,,9999.0
DEFAULT,840290904837,,9999.0
DEFAULT,840290904844,,9999.0
DEFAULT,840290904851,,9999.0
DEFAULT,840290904868,,9999.0
DEFAULT,840290904875,,9999.0
DEFAULT,840290904882,,9999.0
DEFAULT,840290904899,,9999.0
DEFAULT,840290904905,,9999.0
DEFAULT,840290904912,,9999.0
DEFAULT,840290904929,,9999.0
DEFAULT,840290904936,,9999.0
DEFAULT,840290905216,,9999.0
DEFAULT,840290905223,,9999.0
DEFAULT,840290905230,,9999.0
DEFAULT,840290905247,,9999.0
DEFAULT,840290905254,,9999.0
DEFAULT,840290905261,,9999.0
DEFAULT,840290905278,,9999.0
DEFAULT,840290905285,,9999.0
DEFAULT,840290905292,,9999.0
DEFAULT,840290905308,,9999.0
DEFAULT,840290905315,,9999.0
DEFAULT,840290905322,,9999.0
DEFAULT,840290905339,,9999.0
DEFAULT,840290905346,,9999.0
DEFAULT,840290905353,,9999.0
DEFAULT,840290905360,,9999.0
DEFAULT,840290905377,,9999.0
DEFAULT,840290905384,,9999.0
DEFAULT,840290905391,,9999.0
DEFAULT,840290905407,,9999.0
DEFAULT,840290905414,,9999.0
DEFAULT,840290905421,,9999.0
DEFAULT,840290905438,,9999.0
DEFAULT,840290905445,,9999.0
DEFAULT,840290905452,,9999.0
DEFAULT,840290905469,,9999.0
DEFAULT,840290905476,,9999.0
DEFAULT,840290905483,,9999.0
DEFAULT,840290905490,,9999.0
DEFAULT,840290905506,,9999.0
DEFAULT,840290905513,,9999.0
DEFAULT,840290905520,,9999.0
DEFAULT,840290905537,,9999.0
DEFAULT,840290905544,,9999.0
DEFAULT,840290905551,,9999.0
DEFAULT,840290905568,,9999.0
DEFAULT,840290905575,,9999.0
DEFAULT,840290905605,,9999.0
DEFAULT,840290905827,,9999.0
DEFAULT,840290905834,,9999.0
DEFAULT,840290905841,,9999.0
DEFAULT,840290905858,,9999.0
DEFAULT,840290905865,,9999.0
DEFAULT,840290905872,,9999.0
DEFAULT,840290905889,,9999.0
DEFAULT,840290905896,,9999.0
DEFAULT,840290905902,,9999.0
DEFAULT,840290905919,,9999.0
DEFAULT,840290905926,,9999.0
DEFAULT,840290905933,,9999.0
DEFAULT,840290905957,,9999.0
DEFAULT,840290906107,,1027.0
DEFAULT,840290906114,,617.0
DEFAULT,840290906138,,0.0
DEFAULT,840290906145,,1.0
DEFAULT,840290906152,,0.0
DEFAULT,840290906176,,0.0
DEFAULT,840290906183,,354.0
DEFAULT,840290906190,,0.0
DEFAULT,840290906206,,580.0
DEFAULT,840290906220,,1401.0
DEFAULT,840290906237,,0.0
DEFAULT,840290906244,,0.0
DEFAULT,840290906275,,761.0
DEFAULT,840290906299,,0.0
DEFAULT,840290906336,,1685.0
DEFAULT,840290906343,,0.0
DEFAULT,840290906350,,9999.0
DEFAULT,840290906367,,9999.0
DEFAULT,840290906374,,9999.0
DEFAULT,840290906381,,9999.0
DEFAULT,840290906398,,9999.0
DEFAULT,840290906404,,9999.0
DEFAULT,840290906411,,9999.0
DEFAULT,840290906428,,9999.0
DEFAULT,840290906435,,9999.0
DEFAULT,840290906442,,9999.0
DEFAULT,840290906459,,9999.0
DEFAULT,840290906466,,9999.0
DEFAULT,840290906473,,9999.0
DEFAULT,840290906480,,9999.0
DEFAULT,840290906497,,9999.0
DEFAULT,840290906503,,9999.0
DEFAULT,840290906510,,9999.0
DEFAULT,840290906527,,9999.0
DEFAULT,840290906534,,9999.0
DEFAULT,840290906541,,9999.0
DEFAULT,840290906558,,9999.0
DEFAULT,840290906565,,9999.0
DEFAULT,840290906572,,9999.0
DEFAULT,840290906589,,9999.0
DEFAULT,840290906596,,9999.0
DEFAULT,840290906602,,9999.0
DEFAULT,840290906619,,9999.0
DEFAULT,840290906626,,9999.0
DEFAULT,840290906633,,9999.0
DEFAULT,840290906640,,9999.0
DEFAULT,840290906657,,9999.0
DEFAULT,840290906664,,9999.0
DEFAULT,840290906671,,9999.0
DEFAULT,840290906688,,9999.0
DEFAULT,840290906695,,9999.0
DEFAULT,840290906701,,9999.0
DEFAULT,840290906718,,9999.0
DEFAULT,840290906725,,9999.0
DEFAULT,840290906732,,9999.0
DEFAULT,840290906749,,9999.0
DEFAULT,840290906756,,9999.0
DEFAULT,840290906763,,9999.0
DEFAULT,840290906770,,9999.0
DEFAULT,840290906787,,9999.0
DEFAULT,840290906794,,9999.0
DEFAULT,840290906800,,9999.0
DEFAULT,840290906817,,9999.0
DEFAULT,840290906824,,9999.0
DEFAULT,840290906831,,9999.0
DEFAULT,840290906848,,9999.0
DEFAULT,840290906855,,9999.0
DEFAULT,840290906862,,9999.0
DEFAULT,840290906879,,9999.0
DEFAULT,840290906886,,9999.0
DEFAULT,840290906893,,9999.0
DEFAULT,840290906909,,9999.0
DEFAULT,840290906916,,9999.0
DEFAULT,840290906923,,9999.0
DEFAULT,840290906930,,9999.0
DEFAULT,840290906947,,9999.0
DEFAULT,840290906954,,9999.0
DEFAULT,840290906961,,9999.0
DEFAULT,840290906978,,9999.0
DEFAULT,840290906985,,9999.0
DEFAULT,840290906992,,9999.0
DEFAULT,840290907005,,9999.0
DEFAULT,840290907012,,9999.0
DEFAULT,840290907029,,9999.0
DEFAULT,840290907036,,9999.0
DEFAULT,840290907043,,9999.0
DEFAULT,840290907050,,9999.0
DEFAULT,840290907067,,9999.0
DEFAULT,840290907074,,9999.0
DEFAULT,840290907081,,9999.0
DEFAULT,840290907098,,9999.0
DEFAULT,840290907104,,9999.0
DEFAULT,840290907111,,9999.0
DEFAULT,840290907128,,9999.0
DEFAULT,840290907135,,9999.0
DEFAULT,840290907142,,9999.0
DEFAULT,840290907159,,9999.0
DEFAULT,840290907166,,9999.0
DEFAULT,840290907173,,9999.0
DEFAULT,840290907180,,9999.0
DEFAULT,840290907197,,9999.0
DEFAULT,840290907203,,9999.0
DEFAULT,840290907210,,9999.0
DEFAULT,840290907227,,9999.0
DEFAULT,840290907234,,9999.0
DEFAULT,840290907241,,9999.0
DEFAULT,840290907258,,9999.0
DEFAULT,840290907265,,9999.0
DEFAULT,840290907272,,9999.0
DEFAULT,840290907289,,9999.0
DEFAULT,840290907296,,9999.0
DEFAULT,840290907302,,9999.0
DEFAULT,840290907319,,9999.0
DEFAULT,840290907326,,9999.0
DEFAULT,840290907333,,9999.0
DEFAULT,840290907340,,9999.0
DEFAULT,840290907357,,9999.0
DEFAULT,840290907364,,9999.0
DEFAULT,840290907371,,9999.0
DEFAULT,840290907388,,9999.0
DEFAULT,840290907395,,9999.0
DEFAULT,840290907401,,9999.0
DEFAULT,840290907418,,9999.0
DEFAULT,840290907425,,9999.0
DEFAULT,840290907432,,9999.0
DEFAULT,840290907449,,9999.0
DEFAULT,840290907456,,9999.0
DEFAULT,840290907463,,9999.0
DEFAULT,840290907470,,9999.0
DEFAULT,840290907487,,9999.0
DEFAULT,840290907494,,9999.0
DEFAULT,840290907500,,9999.0
DEFAULT,840290907517,,9999.0
DEFAULT,840290907524,,9999.0
DEFAULT,840290907531,,9999.0
DEFAULT,840290907548,,9999.0
DEFAULT,840290907555,,9999.0
DEFAULT,840290907562,,9999.0
DEFAULT,840290907579,,9999.0
DEFAULT,840290907586,,9999.0
DEFAULT,840290907593,,9999.0
DEFAULT,840290907609,,9999.0
DEFAULT,840290907616,,9999.0
DEFAULT,840290907623,,9999.0
DEFAULT,840290907630,,9999.0
DEFAULT,840290907647,,9999.0
DEFAULT,840290907654,,9999.0
DEFAULT,840290907661,,9999.0
DEFAULT,840290907678,,9999.0
DEFAULT,840290907685,,9999.0
DEFAULT,840290907692,,9999.0
DEFAULT,840290907708,,9999.0
DEFAULT,840290907715,,9999.0
DEFAULT,840290907722,,9999.0
DEFAULT,840290907739,,9999.0
DEFAULT,840290907746,,9999.0
DEFAULT,840290907753,,9999.0
DEFAULT,840290907760,,9999.0
DEFAULT,840290907777,,9999.0
DEFAULT,840290907784,,9999.0
DEFAULT,840290907791,,9999.0
DEFAULT,840290907807,,9999.0
DEFAULT,840290907814,,9999.0
DEFAULT,840290907821,,9999.0
DEFAULT,840290907838,,9999.0
DEFAULT,840290907845,,9999.0
DEFAULT,840290907852,,9999.0
DEFAULT,840290907869,,9999.0
DEFAULT,840290907876,,9999.0
DEFAULT,840290907883,,9999.0
DEFAULT,840290907890,,9999.0
DEFAULT,840290907906,,9999.0
DEFAULT,840290907913,,9999.0
DEFAULT,840290907920,,9999.0
DEFAULT,840290907937,,9999.0
DEFAULT,840290907944,,9999.0
DEFAULT,840290907951,,9999.0
DEFAULT,840290907968,,9999.0
DEFAULT,840290907975,,9999.0
DEFAULT,840290907982,,9999.0
DEFAULT,840290907999,,9999.0
DEFAULT,840290908002,,9999.0
DEFAULT,840290908019,,9999.0
DEFAULT,840290908026,,9999.0
DEFAULT,840290908446,,9999.0
DEFAULT,840290913358,,0.0
DEFAULT,840290913365,,0.0
DEFAULT,840290913372,,0.0
DEFAULT,840290913389,,0.0
DEFAULT,840290913396,,0.0
DEFAULT,840290913402,,0.0
DEFAULT,840290913419,,0.0
DEFAULT,840290913426,,0.0
DEFAULT,840290913433,,0.0
DEFAULT,840290913440,,0.0
DEFAULT,840290913457,,0.0
DEFAULT,840290913464,,0.0
DEFAULT,840290913471,,0.0
DEFAULT,840290913488,,0.0
DEFAULT,840290913495,,0.0
DEFAULT,840290913501,,0.0
DEFAULT,840290913518,,0.0
DEFAULT,840290913525,,0.0
DEFAULT,840290913532,,0.0
DEFAULT,840290913549,,0.0
DEFAULT,840290913556,,0.0
DEFAULT,840290913563,,0.0
DEFAULT,840290913570,,0.0
DEFAULT,840290913587,,0.0
DEFAULT,840290916663,,161.0
DEFAULT,840290916670,,236.0
DEFAULT,840290916687,,336.0
DEFAULT,840290916694,,396.0
DEFAULT,840290916748,,93.0
DEFAULT,840290916755,,0.0
DEFAULT,840290917073,,9999.0
DEFAULT,840290917080,,9999.0
DEFAULT,840290917097,,9999.0
DEFAULT,840290917165,,9999.0
DEFAULT,840290917172,,9999.0
DEFAULT,840290917196,,9999.0
DEFAULT,840290917202,,9999.0
DEFAULT,840290917264,,9999.0
DEFAULT,840290917288,,9999.0
DEFAULT,840290917301,,9999.0
DEFAULT,840290917318,,9999.0
DEFAULT,840290917325,,9999.0
DEFAULT,840290917332,,9999.0
DEFAULT,840290917349,,9999.0
DEFAULT,840290917363,,9999.0
DEFAULT,840290917370,,9999.0
DEFAULT,840290917424,,9999.0
DEFAULT,840290917431,,9999.0
DEFAULT,840290917448,,9999.0
DEFAULT,840290917462,,9999.0
DEFAULT,840290917479,,9999.0
DEFAULT,840290917486,,9999.0
DEFAULT,840290917493,,9999.0
DEFAULT,840290917516,,9999.0
DEFAULT,840290917523,,9999.0
DEFAULT,840290917530,,9999.0
DEFAULT,840290917547,,9999.0
DEFAULT,840290917585,,9999.0
DEFAULT,840290917592,,9999.0
DEFAULT,840290917608,,9999.0
DEFAULT,840290917615,,9999.0
DEFAULT,840290917622,,9999.0
DEFAULT,840290917639,,9999.0
DEFAULT,840290917646,,9999.0
DEFAULT,840290917660,,9999.0
DEFAULT,840290917677,,9999.0
DEFAULT,840290917684,,9999.0
DEFAULT,840290917707,,9999.0
DEFAULT,840290918117,,9999.0
DEFAULT,840290918124,,9999.0
DEFAULT,840290918131,,9999.0
DEFAULT,840290918148,,9999.0
DEFAULT,840290918155,,9999.0
DEFAULT,840290918162,,9999.0
DEFAULT,840290918179,,9999.0
DEFAULT,840290918186,,9999.0
DEFAULT,840290918193,,9999.0
DEFAULT,840290918209,,9999.0
DEFAULT,840290918216,,9999.0
DEFAULT,840290918223,,9999.0
DEFAULT,840290918230,,9999.0
DEFAULT,840290918247,,9999.0
DEFAULT,840290918254,,9999.0
DEFAULT,840290918261,,9999.0
DEFAULT,840290918278,,9999.0
DEFAULT,840290918285,,9999.0
DEFAULT,840290918292,,9999.0
DEFAULT,840290918308,,9999.0
DEFAULT,840290918315,,9999.0
DEFAULT,840290918322,,9999.0
DEFAULT,840290918339,,9999.0
DEFAULT,840290918346,,9999.0
DEFAULT,840290918353,,9999.0
DEFAULT,840290918360,,9999.0
DEFAULT,840290918377,,9999.0
DEFAULT,840290918384,,9999.0
DEFAULT,840290918391,,9999.0
DEFAULT,840290918407,,9999.0
DEFAULT,840290918414,,9999.0
DEFAULT,840290918421,,9999.0
DEFAULT,840290918438,,9999.0
DEFAULT,840290918445,,9999.0
DEFAULT,840290918452,,9999.0
DEFAULT,840290918469,,9999.0
DEFAULT,840290918476,,9999.0
DEFAULT,840290918483,,9999.0
DEFAULT,840290918490,,9999.0
DEFAULT,840290918506,,9999.0
DEFAULT,840290918513,,9999.0
DEFAULT,840290918520,,9999.0
DEFAULT,840290918537,,9999.0
DEFAULT,840290918544,,9999.0
DEFAULT,840290918551,,9999.0
DEFAULT,840290918568,,9999.0
DEFAULT,840290918575,,9999.0
DEFAULT,840290918582,,9999.0
DEFAULT,840290918599,,9999.0
DEFAULT,840290918605,,9999.0
DEFAULT,840290918612,,9999.0
DEFAULT,840290918629,,9999.0
DEFAULT,840290918636,,9999.0
DEFAULT,840290918643,,9999.0
DEFAULT,840290918650,,9999.0
DEFAULT,840290918667,,9999.0
DEFAULT,840290918674,,9999.0
DEFAULT,840290918681,,9999.0
DEFAULT,840290918698,,9999.0
DEFAULT,840290918704,,9999.0
DEFAULT,840290918711,,9999.0
DEFAULT,840290918728,,9999.0
DEFAULT,840290918735,,9999.0
DEFAULT,840290918742,,9999.0
DEFAULT,840290918759,,9999.0
DEFAULT,840290918766,,9999.0
DEFAULT,840290918773,,9999.0
DEFAULT,840290918780,,9999.0
DEFAULT,840290918797,,9999.0
DEFAULT,840290918803,,9999.0
DEFAULT,840290918810,,9999.0
DEFAULT,840290918827,,9999.0
DEFAULT,840290918834,,9999.0
DEFAULT,840290918841,,9999.0
DEFAULT,840290918858,,9999.0
DEFAULT,840290918865,,9999.0
DEFAULT,840290918872,,9999.0
DEFAULT,840290918889,,9999.0
DEFAULT,840290918896,,9999.0
DEFAULT,840290918902,,9999.0
DEFAULT,840290918919,,9999.0
DEFAULT,840290918926,,9999.0
DEFAULT,840290918933,,9999.0
DEFAULT,840290918940,,9999.0
DEFAULT,840290918957,,9999.0
DEFAULT,840290918964,,9999.0
DEFAULT,840290918971,,9999.0
DEFAULT,840290918988,,9999.0
DEFAULT,840290918995,,9999.0
DEFAULT,840290919008,,9999.0
DEFAULT,840290919015,,9999.0
DEFAULT,840290919022,,9999.0
DEFAULT,840290919039,,9999.0
DEFAULT,840290919046,,9999.0
DEFAULT,840290919053,,9999.0
DEFAULT,840290919060,,9999.0
DEFAULT,840290919077,,9999.0
DEFAULT,840290919084,,9999.0
DEFAULT,840290919091,,9999.0
DEFAULT,840290919107,,9999.0
DEFAULT,840290919114,,9999.0
DEFAULT,840290919121,,9999.0
DEFAULT,840290919138,,9999.0
DEFAULT,840290919145,,9999.0
DEFAULT,840290919152,,9999.0
DEFAULT,840290919169,,9999.0
DEFAULT,840290919176,,9999.0
DEFAULT,840290919183,,9999.0
DEFAULT,840290919190,,9999.0
DEFAULT,840290919206,,9999.0
DEFAULT,840290919213,,9999.0
DEFAULT,840290919220,,9999.0
DEFAULT,840290919237,,9999.0
DEFAULT,840290919244,,9999.0
DEFAULT,840290919251,,9999.0
DEFAULT,840290919268,,9999.0
DEFAULT,840290919275,,9999.0
DEFAULT,840290919282,,9999.0
DEFAULT,840290919299,,9999.0
DEFAULT,840290919305,,9999.0
DEFAULT,840290919312,,9999.0
DEFAULT,840290919329,,9999.0
DEFAULT,840290919336,,9999.0
DEFAULT,840290919343,,9999.0
DEFAULT,840290919350,,9999.0
DEFAULT,840290919367,,9999.0
DEFAULT,840290919374,,9999.0
DEFAULT,840290919381,,9999.0
DEFAULT,840290919398,,9999.0
DEFAULT,840290919404,,9999.0
DEFAULT,840290919411,,9999.0
DEFAULT,840290919428,,9999.0
DEFAULT,840290919435,,9999.0
DEFAULT,840290919442,,9999.0
DEFAULT,840290919459,,9999.0
DEFAULT,840290919466,,9999.0
DEFAULT,840290919473,,9999.0
DEFAULT,840290919480,,9999.0
DEFAULT,840290919497,,9999.0
DEFAULT,840290919503,,9999.0
DEFAULT,840290919510,,9999.0
DEFAULT,840290919527,,9999.0
DEFAULT,840290919534,,9999.0
DEFAULT,840290919541,,9999.0
DEFAULT,840290919558,,9999.0
DEFAULT,840290919565,,9999.0
DEFAULT,840290919572,,9999.0
DEFAULT,840290919589,,9999.0
DEFAULT,840290919596,,9999.0
DEFAULT,840290919602,,9999.0
DEFAULT,840290919619,,9999.0
DEFAULT,840290919626,,9999.0
DEFAULT,840290919633,,9999.0
DEFAULT,840290919640,,9999.0
DEFAULT,840290919657,,9999.0
DEFAULT,840290919664,,9999.0
DEFAULT,840290919671,,9999.0
DEFAULT,840290919688,,9999.0
DEFAULT,840290919695,,9999.0
DEFAULT,840290919701,,9999.0
DEFAULT,840290919718,,9999.0
DEFAULT,840290919725,,9999.0
DEFAULT,840290919732,,9999.0
DEFAULT,840290919749,,9999.0
DEFAULT,840290919756,,9999.0
DEFAULT,840290919763,,9999.0
DEFAULT,840290919770,,9999.0
DEFAULT,840290919787,,9999.0
DEFAULT,840290919794,,9999.0
DEFAULT,840290919800,,9999.0
DEFAULT,840290919817,,9999.0
DEFAULT,840290919824,,9999.0
DEFAULT,840290919831,,9999.0
DEFAULT,840290919848,,9999.0
DEFAULT,840290919855,,9999.0
DEFAULT,840290919862,,9999.0
DEFAULT,840290919879,,9999.0
DEFAULT,840290919886,,9999.0
DEFAULT,840290919893,,9999.0
DEFAULT,840290919909,,9999.0
DEFAULT,840290919916,,9999.0
DEFAULT,840290919923,,9999.0
DEFAULT,840290919930,,9999.0
DEFAULT,840290919947,,9999.0
DEFAULT,840290919954,,9999.0
DEFAULT,840290919961,,9999.0
DEFAULT,840290919978,,9999.0
DEFAULT,840290919985,,9999.0
DEFAULT,840290919992,,9999.0
DEFAULT,840290920004,,9999.0
DEFAULT,840290920011,,9999.0
DEFAULT,840290920028,,9999.0
DEFAULT,840290920035,,9999.0
DEFAULT,840290920042,,9999.0
DEFAULT,840290920059,,9999.0
DEFAULT,840290920066,,9999.0
DEFAULT,840290920073,,9999.0
DEFAULT,840290920080,,9999.0
DEFAULT,840290920097,,9999.0
DEFAULT,840290920103,,9999.0
DEFAULT,840290920110,,9999.0
DEFAULT,840290920127,,9999.0
DEFAULT,840290920134,,9999.0
DEFAULT,840290920141,,9999.0
DEFAULT,840290920158,,9999.0
DEFAULT,840290920165,,9999.0
DEFAULT,840290920172,,9999.0
DEFAULT,840290920189,,9999.0
DEFAULT,840290920196,,9999.0
DEFAULT,840290920202,,9999.0
DEFAULT,840290920219,,9999.0
DEFAULT,840290920226,,9999.0
DEFAULT,840290920233,,9999.0
DEFAULT,840290920240,,9999.0
DEFAULT,840290920257,,9999.0
DEFAULT,840290920264,,9999.0
DEFAULT,840290920271,,9999.0
DEFAULT,840290920288,,9999.0
DEFAULT,840290920295,,9999.0
DEFAULT,840290920301,,9999.0
DEFAULT,840290920318,,9999.0
DEFAULT,840290920325,,9999.0
DEFAULT,840290920332,,9999.0
DEFAULT,840290920349,,9999.0
DEFAULT,840290920356,,9999.0
DEFAULT,840290920363,,9999.0
DEFAULT,840290920370,,9999.0
DEFAULT,840290920387,,9999.0
DEFAULT,840290920394,,9999.0
DEFAULT,840290920400,,9999.0
DEFAULT,840290920417,,9999.0
DEFAULT,840290920424,,9999.0
DEFAULT,840290920431,,9999.0
DEFAULT,840290920448,,9999.0
DEFAULT,840290920455,,9999.0
DEFAULT,840290920462,,9999.0
DEFAULT,840290920479,,9999.0
DEFAULT,840290920486,,9999.0
DEFAULT,840290920493,,9999.0
DEFAULT,840290920509,,9999.0
DEFAULT,840290920516,,9999.0
DEFAULT,840290920523,,9999.0
DEFAULT,840290920530,,9999.0
DEFAULT,840290920547,,9999.0
DEFAULT,840290920554,,9999.0
DEFAULT,840290920561,,9999.0
DEFAULT,840290920578,,9999.0
DEFAULT,840290920585,,9999.0
DEFAULT,840290920592,,9999.0
DEFAULT,840290920608,,9999.0
DEFAULT,840290920615,,9999.0
DEFAULT,840290920622,,9999.0
DEFAULT,840290920639,,9999.0
DEFAULT,840290920646,,9999.0
DEFAULT,840290920653,,9999.0
DEFAULT,840290920660,,9999.0
DEFAULT,840290920677,,9999.0
DEFAULT,840290920684,,9999.0
DEFAULT,840290920691,,9999.0
DEFAULT,840290920707,,9999.0
DEFAULT,840290920714,,9999.0
DEFAULT,840290920721,,9999.0
DEFAULT,840290920738,,9999.0
DEFAULT,840290920745,,9999.0
DEFAULT,840290920752,,9999.0
DEFAULT,840290920769,,9999.0
DEFAULT,840290920776,,9999.0
DEFAULT,840290920783,,9999.0
DEFAULT,840290920790,,9999.0
DEFAULT,840290920806,,9999.0
DEFAULT,840290920813,,9999.0
DEFAULT,840290920820,,9999.0
DEFAULT,840290920837,,9999.0
DEFAULT,840290920844,,9999.0
DEFAULT,840290920851,,9999.0
DEFAULT,840290920868,,9999.0
DEFAULT,840290920875,,9999.0
DEFAULT,840290920882,,9999.0
DEFAULT,840290920899,,9999.0
DEFAULT,840290920905,,9999.0
DEFAULT,840290920912,,9999.0
DEFAULT,840290920929,,9999.0
DEFAULT,840290920936,,9999.0
DEFAULT,840290920943,,9999.0
DEFAULT,840290920950,,9999.0
DEFAULT,840290920967,,9999.0
DEFAULT,840290920974,,9999.0
DEFAULT,840290920981,,9999.0
DEFAULT,840290920998,,9999.0
DEFAULT,840290921001,,9999.0
DEFAULT,840290921018,,9999.0
DEFAULT,840290921025,,9999.0
DEFAULT,840290921032,,9999.0
DEFAULT,840290921049,,9999.0
DEFAULT,840290921056,,9999.0
DEFAULT,840290921063,,9999.0
DEFAULT,840290921070,,9999.0
DEFAULT,840290921087,,9999.0
DEFAULT,840290921094,,9999.0
DEFAULT,840290921100,,9999.0
DEFAULT,840290921117,,9999.0
DEFAULT,840290921124,,9999.0
DEFAULT,840290921131,,9999.0
DEFAULT,840290921148,,9999.0
DEFAULT,840290921155,,9999.0
DEFAULT,840290921162,,9999.0
DEFAULT,840290921179,,9999.0
DEFAULT,840290921186,,9999.0
DEFAULT,840290921193,,9999.0
DEFAULT,840290921209,,9999.0
DEFAULT,840290921216,,9999.0
DEFAULT,840290921223,,9999.0
DEFAULT,840290921230,,9999.0
DEFAULT,840290921247,,9999.0
DEFAULT,840290921254,,9999.0
DEFAULT,840290921261,,9999.0
DEFAULT,840290921278,,9999.0
DEFAULT,840290921285,,9999.0
DEFAULT,840290921292,,9999.0
DEFAULT,840290921308,,9999.0
DEFAULT,840290921315,,9999.0
DEFAULT,840290921322,,9999.0
DEFAULT,840290921339,,9999.0
DEFAULT,840290921346,,9999.0
DEFAULT,840290921353,,9999.0
DEFAULT,840290921360,,9999.0
DEFAULT,840290921377,,9999.0
DEFAULT,840290921384,,9999.0
DEFAULT,840290921391,,9999.0
DEFAULT,840290921407,,9999.0
DEFAULT,840290921414,,9999.0
DEFAULT,840290921421,,9999.0
DEFAULT,840290921438,,9999.0
DEFAULT,840290921445,,9999.0
DEFAULT,840290921452,,9999.0
DEFAULT,840290921469,,9999.0
DEFAULT,840290921476,,9999.0
DEFAULT,840290921483,,9999.0
DEFAULT,840290921490,,9999.0
DEFAULT,840290921506,,9999.0
DEFAULT,840290921513,,9999.0
DEFAULT,840290921520,,9999.0
DEFAULT,840290921537,,9999.0
DEFAULT,840290921544,,9999.0
DEFAULT,840290921551,,9999.0
DEFAULT,840290921568,,9999.0
DEFAULT,840290921575,,9999.0
DEFAULT,840290921582,,9999.0
DEFAULT,840290921599,,9999.0
DEFAULT,840290921605,,9999.0
DEFAULT,840290921612,,9999.0
DEFAULT,840290921629,,9999.0
DEFAULT,840290921636,,9999.0
DEFAULT,840290921643,,9999.0
DEFAULT,840290921650,,9999.0
DEFAULT,840290921667,,9999.0
DEFAULT,840290921674,,9999.0
DEFAULT,840290921681,,9999.0
DEFAULT,840290921698,,9999.0
DEFAULT,840290921704,,9999.0
DEFAULT,840290921711,,9999.0
DEFAULT,840290921728,,9999.0
DEFAULT,840290921735,,9999.0
DEFAULT,840290921742,,9999.0
DEFAULT,840290921759,,9999.0
DEFAULT,840290921766,,9999.0
DEFAULT,840290921773,,9999.0
DEFAULT,840290921780,,9999.0
DEFAULT,840290921797,,9999.0
DEFAULT,840290921803,,9999.0
DEFAULT,840290921810,,9999.0
DEFAULT,840290921827,,9999.0
DEFAULT,840290921834,,9999.0
DEFAULT,840290921841,,9999.0
DEFAULT,840290921858,,9999.0
DEFAULT,840290921865,,9999.0
DEFAULT,840290921872,,9999.0
DEFAULT,840290921889,,9999.0
DEFAULT,840290921896,,9999.0
DEFAULT,840290921902,,9999.0
DEFAULT,840290921919,,9999.0
DEFAULT,840290921926,,9999.0
DEFAULT,840290921933,,9999.0
DEFAULT,840290921940,,9999.0
DEFAULT,840290921957,,9999.0
DEFAULT,840290921964,,9999.0
DEFAULT,840290921971,,9999.0
DEFAULT,840290921988,,9999.0
DEFAULT,840290921995,,9999.0
DEFAULT,840290922008,,9999.0
DEFAULT,840290922015,,9999.0
DEFAULT,840290922022,,9999.0
DEFAULT,840290926037,,9999.0
DEFAULT,840290926044,,9999.0
DEFAULT,840290926068,,9999.0
DEFAULT,840290926075,,9999.0
DEFAULT,840290926082,,9999.0
DEFAULT,840290926099,,9999.0
DEFAULT,840290926105,,9999.0
DEFAULT,840290926174,,9999.0
DEFAULT,840290926181,,9999.0
DEFAULT,840290926204,,9999.0
DEFAULT,840290926211,,9999.0
DEFAULT,840290926228,,9999.0
DEFAULT,840290926235,,9999.0
DEFAULT,840290926242,,9999.0
DEFAULT,840290926310,,9999.0
DEFAULT,840290926327,,9999.0
DEFAULT,840290926341,,9999.0
DEFAULT,840290926358,,9999.0
DEFAULT,840290926365,,9999.0
DEFAULT,840290926372,,9999.0
DEFAULT,840290926389,,9999.0
DEFAULT,840290927713,,915.0
DEFAULT,840290927720,,37.0
DEFAULT,840290927737,,380.0
DEFAULT,840290927775,,242.0
DEFAULT,840290927782,,339.0
DEFAULT,840290927799,,471.0
DEFAULT,840290927805,,326.0
DEFAULT,840290927812,,717.0
DEFAULT,840290927829,,410.0
DEFAULT,840290927836,,815.0
DEFAULT,840290927942,,9999.0
DEFAULT,840290927959,,9999.0
DEFAULT,840290927966,,9999.0
DEFAULT,840290927973,,9999.0
DEFAULT,840290927980,,9999.0
DEFAULT,840290927997,,9999.0
DEFAULT,840290928000,,9999.0
DEFAULT,840290928017,,9999.0
DEFAULT,840290928024,,9999.0
DEFAULT,840290928031,,9999.0
DEFAULT,840290928048,,9999.0
DEFAULT,840290928055,,9999.0
DEFAULT,840290928062,,9999.0
DEFAULT,840290928079,,9999.0
DEFAULT,840290928086,,9999.0
DEFAULT,840290928093,,9999.0
DEFAULT,840290928109,,9999.0
DEFAULT,840290928116,,9999.0
DEFAULT,840290928123,,9999.0
DEFAULT,840290928130,,9999.0
DEFAULT,840290928147,,9999.0
DEFAULT,840290928154,,9999.0
DEFAULT,840290928161,,9999.0
DEFAULT,840290928178,,9999.0
DEFAULT,840290928185,,9999.0
DEFAULT,840290928192,,9999.0
DEFAULT,840290928208,,9999.0
DEFAULT,840290928215,,9999.0
DEFAULT,840290929168,,743.0
DEFAULT,840290929205,,563.0
DEFAULT,840290929212,,666.0
DEFAULT,840290929250,,1131.0
DEFAULT,840290929274,,497.0
DEFAULT,840290929304,,550.0
DEFAULT,840290929311,,479.0
DEFAULT,840290929328,,1328.0
DEFAULT,840290929335,,2073.0
DEFAULT,840290929342,,792.0
DEFAULT,840290929359,,630.0
DEFAULT,840290929540,,0.0
DEFAULT,840290929557,,0.0
DEFAULT,840290929564,,0.0
DEFAULT,840290929571,,0.0
DEFAULT,840290929588,,0.0
DEFAULT,840290929595,,0.0
DEFAULT,840290929601,,0.0
DEFAULT,840290929618,,0.0
DEFAULT,840290929625,,0.0
DEFAULT,840290929632,,0.0
DEFAULT,840290929649,,0.0
DEFAULT,840290929656,,0.0
DEFAULT,840290929663,,0.0
DEFAULT,840290929670,,0.0
DEFAULT,840290929687,,0.0
DEFAULT,840290929694,,0.0
DEFAULT,840290929700,,0.0
DEFAULT,840290929717,,0.0
DEFAULT,840290929724,,0.0
DEFAULT,840290929731,,0.0
DEFAULT,840290929748,,0.0
DEFAULT,840290929755,,0.0
DEFAULT,840290929762,,0.0
DEFAULT,840290929779,,0.0
DEFAULT,840290929786,,0.0
DEFAULT,840290929793,,0.0
DEFAULT,840290929809,,0.0
DEFAULT,840290929816,,0.0
DEFAULT,840290929823,,9999.0
DEFAULT,840290929830,,9999.0
DEFAULT,840290929847,,9999.0
DEFAULT,840290929854,,9999.0
DEFAULT,840290929861,,9999.0
DEFAULT,840290929878,,9999.0
DEFAULT,840290929885,,9999.0
DEFAULT,840290929892,,9999.0
DEFAULT,840290929908,,9999.0
DEFAULT,840290929915,,9999.0
DEFAULT,840290929922,,9999.0
DEFAULT,840290929939,,9999.0
DEFAULT,840290929946,,9999.0
DEFAULT,840290929953,,9999.0
DEFAULT,840290929960,,9999.0
DEFAULT,840290929977,,9999.0
DEFAULT,840290929984,,9999.0
DEFAULT,840290929991,,9999.0
DEFAULT,840290930003,,9999.0
DEFAULT,840290930010,,9999.0
DEFAULT,840290930027,,9999.0
DEFAULT,840290930034,,9999.0
DEFAULT,840290930041,,9999.0
DEFAULT,840290930058,,9999.0
DEFAULT,840290930065,,9999.0
DEFAULT,840290930072,,9999.0
DEFAULT,840290930089,,9999.0
DEFAULT,840290930096,,9999.0
DEFAULT,840290930102,,9999.0
DEFAULT,840290930119,,9999.0
DEFAULT,840290930126,,9999.0
DEFAULT,840290930133,,9999.0
DEFAULT,840290930140,,9999.0
DEFAULT,840290930157,,9999.0
DEFAULT,840290930164,,9999.0
DEFAULT,840290930171,,9999.0
DEFAULT,840290930188,,9999.0
DEFAULT,840290930195,,9999.0
DEFAULT,840290930201,,9999.0
DEFAULT,840290930218,,9999.0
DEFAULT,840290930225,,9999.0
DEFAULT,840290930232,,9999.0
DEFAULT,840290930249,,9999.0
DEFAULT,840290930256,,9999.0
DEFAULT,840290930263,,9999.0
DEFAULT,840290930270,,9999.0
DEFAULT,840290930287,,9999.0
DEFAULT,840290930294,,9999.0
DEFAULT,840290930300,,9999.0
DEFAULT,840290930317,,9999.0
DEFAULT,840290930324,,9999.0
DEFAULT,840290930331,,9999.0
DEFAULT,840290930348,,9999.0
DEFAULT,840290930355,,9999.0
DEFAULT,840290930362,,9999.0
DEFAULT,840290930379,,9999.0
DEFAULT,840290931468,,9999.0
DEFAULT,840290931475,,9999.0
DEFAULT,840290931482,,9999.0
DEFAULT,840290931499,,9999.0
DEFAULT,840290931505,,9999.0
DEFAULT,840290931512,,9999.0
DEFAULT,840290931529,,9999.0
DEFAULT,840290931536,,9999.0
DEFAULT,840290931543,,9999.0
DEFAULT,840290931550,,9999.0
DEFAULT,840290931567,,9999.0
DEFAULT,840290931574,,9999.0
DEFAULT,840290931581,,9999.0
DEFAULT,840290931598,,9999.0
DEFAULT,840290931741,,9999.0
DEFAULT,840290931758,,9999.0
DEFAULT,840290931765,,9999.0
DEFAULT,840290931772,,9999.0
DEFAULT,840290931789,,9999.0
DEFAULT,840290931796,,9999.0
DEFAULT,840290931802,,9999.0
DEFAULT,840290931819,,9999.0
DEFAULT,840290931826,,9999.0
DEFAULT,840290931833,,9999.0
DEFAULT,840290931840,,9999.0
DEFAULT,840290931857,,9999.0
DEFAULT,840290931864,,9999.0
DEFAULT,840290931871,,9999.0
DEFAULT,840290932021,,9999.0
DEFAULT,840290932038,,9999.0
DEFAULT,840290932045,,9999.0
DEFAULT,840290932052,,9999.0
DEFAULT,840290932069,,9999.0
DEFAULT,840290932076,,9999.0
DEFAULT,840290932083,,9999.0
DEFAULT,840290932090,,9999.0
DEFAULT,840290932106,,9999.0
DEFAULT,840290932113,,9999.0
DEFAULT,840290932120,,9999.0
DEFAULT,840290932137,,9999.0
DEFAULT,840290932144,,9999.0
DEFAULT,840290932151,,9999.0
DEFAULT,840290932304,,9999.0
DEFAULT,840290932311,,9999.0
DEFAULT,840290932328,,9999.0
DEFAULT,840290932335,,9999.0
DEFAULT,840290932342,,9999.0
DEFAULT,840290932359,,9999.0
DEFAULT,840290932366,,9999.0
DEFAULT,840290932373,,9999.0
DEFAULT,840290932380,,9999.0
DEFAULT,840290932397,,9999.0
DEFAULT,840290932403,,9999.0
DEFAULT,840290932410,,9999.0
DEFAULT,840290932427,,9999.0
DEFAULT,840290932434,,9999.0
DEFAULT,840290932588,,9999.0
DEFAULT,840290932595,,9999.0
DEFAULT,840290932601,,9999.0
DEFAULT,840290932618,,9999.0
DEFAULT,840290932625,,9999.0
DEFAULT,840290932632,,9999.0
DEFAULT,840290932649,,9999.0
DEFAULT,840290932656,,9999.0
DEFAULT,840290932663,,9999.0
DEFAULT,840290932670,,9999.0
DEFAULT,840290932687,,9999.0
DEFAULT,840290932694,,9999.0
DEFAULT,840290932700,,9999.0
DEFAULT,840290932717,,9999.0
DEFAULT,840290932861,,9999.0
DEFAULT,840290932878,,9999.0
DEFAULT,840290932885,,9999.0
DEFAULT,840290932892,,9999.0
DEFAULT,840290932908,,9999.0
DEFAULT,840290932915,,9999.0
DEFAULT,840290932922,,9999.0
DEFAULT,840290932939,,9999.0
DEFAULT,840290932946,,9999.0
DEFAULT,840290932953,,9999.0
DEFAULT,840290932960,,9999.0
DEFAULT,840290932977,,9999.0
DEFAULT,840290932984,,9999.0
DEFAULT,840290932991,,9999.0
DEFAULT,840290933141,,9999.0
DEFAULT,840290933158,,9999.0
DEFAULT,840290933165,,9999.0
DEFAULT,840290933172,,9999.0
DEFAULT,840290933189,,9999.0
DEFAULT,840290933196,,9999.0
DEFAULT,840290933202,,9999.0
DEFAULT,840290933219,,9999.0
DEFAULT,840290933226,,9999.0
DEFAULT,840290933233,,9999.0
DEFAULT,840290933240,,9999.0
DEFAULT,840290933257,,9999.0
DEFAULT,840290933264,,9999.0
DEFAULT,840290933271,,9999.0
DEFAULT,840290933424,,9999.0
DEFAULT,840290933431,,9999.0
DEFAULT,840290933448,,9999.0
DEFAULT,840290933455,,9999.0
DEFAULT,840290933462,,9999.0
DEFAULT,840290933479,,9999.0
DEFAULT,840290933486,,9999.0
DEFAULT,840290933493,,9999.0
DEFAULT,840290933509,,9999.0
DEFAULT,840290933516,,9999.0
DEFAULT,840290933523,,9999.0
DEFAULT,840290933530,,9999.0
DEFAULT,840290933547,,9999.0
DEFAULT,840290933554,,9999.0
DEFAULT,840290933707,,9999.0
DEFAULT,840290933714,,9999.0
DEFAULT,840290933721,,9999.0
DEFAULT,840290933738,,9999.0
DEFAULT,840290933745,,9999.0
DEFAULT,840290933752,,9999.0
DEFAULT,840290933769,,9999.0
DEFAULT,840290933776,,9999.0
DEFAULT,840290933783,,9999.0
DEFAULT,840290933790,,9999.0
DEFAULT,840290933806,,9999.0
DEFAULT,840290933813,,9999.0
DEFAULT,840290933820,,9999.0
DEFAULT,840290933837,,9999.0
DEFAULT,840290933981,,9999.0
DEFAULT,840290933998,,9999.0
DEFAULT,840290934001,,9999.0
DEFAULT,840290934018,,9999.0
DEFAULT,840290934025,,9999.0
DEFAULT,840290934032,,9999.0
DEFAULT,840290934049,,9999.0
DEFAULT,840290934056,,9999.0
DEFAULT,840290934063,,9999.0
DEFAULT,840290934070,,9999.0
DEFAULT,840290934087,,9999.0
DEFAULT,840290934094,,9999.0
DEFAULT,840290934100,,9999.0
DEFAULT,840290934117,,9999.0
DEFAULT,840290934261,,9999.0
DEFAULT,840290934278,,9999.0
DEFAULT,840290934285,,9999.0
DEFAULT,840290934292,,9999.0
DEFAULT,840290934308,,9999.0
DEFAULT,840290934315,,9999.0
DEFAULT,840290934322,,9999.0
DEFAULT,840290934339,,9999.0
DEFAULT,840290934346,,9999.0
DEFAULT,840290934353,,9999.0
DEFAULT,840290934360,,9999.0
DEFAULT,840290934377,,9999.0
DEFAULT,840290934384,,9999.0
DEFAULT,840290934391,,9999.0
DEFAULT,840290934544,,9999.0
DEFAULT,840290934551,,9999.0
DEFAULT,840290934568,,9999.0
DEFAULT,840290934575,,9999.0
DEFAULT,840290934582,,9999.0
DEFAULT,840290934599,,9999.0
DEFAULT,840290934605,,9999.0
DEFAULT,840290934612,,9999.0
DEFAULT,840290934629,,9999.0
DEFAULT,840290934636,,9999.0
DEFAULT,840290934643,,9999.0
DEFAULT,840290934650,,9999.0
DEFAULT,840290934667,,9999.0
DEFAULT,840290934674,,9999.0
DEFAULT,840290934827,,9999.0
DEFAULT,840290934834,,9999.0
DEFAULT,840290934841,,9999.0
DEFAULT,840290934858,,9999.0
DEFAULT,840290934865,,9999.0
DEFAULT,840290934872,,9999.0
DEFAULT,840290934889,,9999.0
DEFAULT,840290934896,,9999.0
DEFAULT,840290934902,,9999.0
DEFAULT,840290934919,,9999.0
DEFAULT,840290934926,,9999.0
DEFAULT,840290934933,,9999.0
DEFAULT,840290934940,,9999.0
DEFAULT,840290934957,,9999.0
DEFAULT,840290935107,,9999.0
DEFAULT,840290935114,,9999.0
DEFAULT,840290935121,,9999.0
DEFAULT,840290935138,,9999.0
DEFAULT,840290935145,,9999.0
DEFAULT,840290935152,,9999.0
DEFAULT,840290935169,,9999.0
DEFAULT,840290935176,,9999.0
DEFAULT,840290935183,,9999.0
DEFAULT,840290935190,,9999.0
DEFAULT,840290935206,,9999.0
DEFAULT,840290935213,,9999.0
DEFAULT,840290935220,,9999.0
DEFAULT,840290935237,,9999.0
DEFAULT,840290935381,,9999.0
DEFAULT,840290935398,,9999.0
DEFAULT,840290935404,,9999.0
DEFAULT,840290935411,,9999.0
DEFAULT,840290935428,,9999.0
DEFAULT,840290935435,,9999.0
DEFAULT,840290935442,,9999.0
DEFAULT,840290935459,,9999.0
DEFAULT,840290935466,,9999.0
DEFAULT,840290935473,,9999.0
DEFAULT,840290935480,,9999.0
DEFAULT,840290935497,,9999.0
DEFAULT,840290935503,,9999.0
DEFAULT,840290935510,,9999.0
DEFAULT,840290935664,,9999.0
DEFAULT,840290935671,,9999.0
DEFAULT,840290935688,,9999.0
DEFAULT,840290935695,,9999.0
DEFAULT,840290935701,,9999.0
DEFAULT,840290935718,,9999.0
DEFAULT,840290935725,,9999.0
DEFAULT,840290935732,,9999.0
DEFAULT,840290935749,,9999.0
DEFAULT,840290935756,,9999.0
DEFAULT,840290935763,,9999.0
DEFAULT,840290935770,,9999.0
DEFAULT,840290935787,,9999.0
DEFAULT,840290935794,,9999.0
DEFAULT,840290935947,,9999.0
DEFAULT,840290935954,,9999.0
DEFAULT,840290935961,,9999.0
DEFAULT,840290935978,,9999.0
DEFAULT,840290935985,,9999.0
DEFAULT,840290935992,,9999.0
DEFAULT,840290936005,,9999.0
DEFAULT,840290936012,,9999.0
DEFAULT,840290936029,,9999.0
DEFAULT,840290936036,,9999.0
DEFAULT,840290936043,,9999.0
DEFAULT,840290936050,,9999.0
DEFAULT,840290936067,,9999.0
DEFAULT,840290936074,,9999.0
DEFAULT,840290936227,,9999.0
DEFAULT,840290936234,,9999.0
DEFAULT,840290936241,,9999.0
DEFAULT,840290936258,,9999.0
DEFAULT,840290936265,,9999.0
DEFAULT,840290936272,,9999.0
DEFAULT,840290936289,,9999.0
DEFAULT,840290936296,,9999.0
DEFAULT,840290936302,,9999.0
DEFAULT,840290936319,,9999.0
DEFAULT,840290936326,,9999.0
DEFAULT,840290936333,,9999.0
DEFAULT,840290936340,,9999.0
DEFAULT,840290936357,,9999.0
DEFAULT,840290936500,,9999.0
DEFAULT,840290936517,,9999.0
DEFAULT,840290936524,,9999.0
DEFAULT,840290936531,,9999.0
DEFAULT,840290936548,,9999.0
DEFAULT,840290936555,,9999.0
DEFAULT,840290936562,,9999.0
DEFAULT,840290936579,,9999.0
DEFAULT,840290936586,,9999.0
DEFAULT,840290936593,,9999.0
DEFAULT,840290936609,,9999.0
DEFAULT,840290936616,,9999.0
DEFAULT,840290936623,,9999.0
DEFAULT,840290936630,,9999.0
DEFAULT,840290936784,,9999.0
DEFAULT,840290936791,,9999.0
DEFAULT,840290936807,,9999.0
DEFAULT,840290936814,,9999.0
DEFAULT,840290936821,,9999.0
DEFAULT,840290936838,,9999.0
DEFAULT,840290936845,,9999.0
DEFAULT,840290936852,,9999.0
DEFAULT,840290936869,,9999.0
DEFAULT,840290936876,,9999.0
DEFAULT,840290936883,,9999.0
DEFAULT,840290936890,,9999.0
DEFAULT,840290936906,,9999.0
DEFAULT,840290936913,,9999.0
DEFAULT,840290937064,,9999.0
DEFAULT,840290937071,,9999.0
DEFAULT,840290937088,,9999.0
DEFAULT,840290937095,,9999.0
DEFAULT,840290937101,,9999.0
DEFAULT,840290937118,,9999.0
DEFAULT,840290937125,,9999.0
DEFAULT,840290937132,,9999.0
DEFAULT,840290937149,,9999.0
DEFAULT,840290937156,,9999.0
DEFAULT,840290937163,,9999.0
DEFAULT,840290937170,,9999.0
DEFAULT,840290937187,,9999.0
DEFAULT,840290937194,,9999.0
DEFAULT,840290937347,,9999.0
DEFAULT,840290937354,,9999.0
DEFAULT,840290937361,,9999.0
DEFAULT,840290937378,,9999.0
DEFAULT,840290937385,,9999.0
DEFAULT,840290937392,,9999.0
DEFAULT,840290937408,,9999.0
DEFAULT,840290937415,,9999.0
DEFAULT,840290937422,,9999.0
DEFAULT,840290937439,,9999.0
DEFAULT,840290937446,,9999.0
DEFAULT,840290937453,,9999.0
DEFAULT,840290937460,,9999.0
DEFAULT,840290937477,,9999.0
DEFAULT,840290937620,,9999.0
DEFAULT,840290937637,,9999.0
DEFAULT,840290937644,,9999.0
DEFAULT,840290937651,,9999.0
DEFAULT,840290937668,,9999.0
DEFAULT,840290937675,,9999.0
DEFAULT,840290937682,,9999.0
DEFAULT,840290937699,,9999.0
DEFAULT,840290937705,,9999.0
DEFAULT,840290937712,,9999.0
DEFAULT,840290937729,,9999.0
DEFAULT,840290937736,,9999.0
DEFAULT,840290937743,,9999.0
DEFAULT,840290937750,,9999.0
DEFAULT,840290937903,,9999.0
DEFAULT,840290937910,,9999.0
DEFAULT,840290937927,,9999.0
DEFAULT,840290937934,,9999.0
DEFAULT,840290937941,,9999.0
DEFAULT,840290937958,,9999.0
DEFAULT,840290937965,,9999.0
DEFAULT,840290937972,,9999.0
DEFAULT,840290937989,,9999.0
DEFAULT,840290937996,,9999.0
DEFAULT,840290938009,,9999.0
DEFAULT,840290938016,,9999.0
DEFAULT,840290938023,,9999.0
DEFAULT,840290938030,,9999.0
DEFAULT,840290938184,,9999.0
DEFAULT,840290938191,,9999.0
DEFAULT,840290938207,,9999.0
DEFAULT,840290938214,,9999.0
DEFAULT,840290938221,,9999.0
DEFAULT,840290938238,,9999.0
DEFAULT,840290938245,,9999.0
DEFAULT,840290938252,,9999.0
DEFAULT,840290938269,,9999.0
DEFAULT,840290938276,,9999.0
DEFAULT,840290938283,,9999.0
DEFAULT,840290938290,,9999.0
DEFAULT,840290938306,,9999.0
DEFAULT,840290938313,,9999.0
DEFAULT,840290938467,,9999.0
DEFAULT,840290938474,,9999.0
DEFAULT,840290938481,,9999.0
DEFAULT,840290938498,,9999.0
DEFAULT,840290938504,,9999.0
DEFAULT,840290938511,,9999.0
DEFAULT,840290938528,,9999.0
DEFAULT,840290938535,,9999.0
DEFAULT,840290938542,,9999.0
DEFAULT,840290938559,,9999.0
DEFAULT,840290938566,,9999.0
DEFAULT,840290938573,,9999.0
DEFAULT,840290938580,,9999.0
DEFAULT,840290938597,,9999.0
DEFAULT,840290938740,,9999.0
DEFAULT,840290938757,,9999.0
DEFAULT,840290938764,,9999.0
DEFAULT,840290938771,,9999.0
DEFAULT,840290938788,,9999.0
DEFAULT,840290938795,,9999.0
DEFAULT,840290938801,,9999.0
DEFAULT,840290938818,,9999.0
DEFAULT,840290938825,,9999.0
DEFAULT,840290938832,,9999.0
DEFAULT,840290938849,,9999.0
DEFAULT,840290938856,,9999.0
DEFAULT,840290938863,,9999.0
DEFAULT,840290938870,,9999.0
DEFAULT,840290939020,,9999.0
DEFAULT,840290939037,,9999.0
DEFAULT,840290939044,,9999.0
DEFAULT,840290939051,,9999.0
DEFAULT,840290939068,,9999.0
DEFAULT,840290939075,,9999.0
DEFAULT,840290939082,,9999.0
DEFAULT,840290939099,,9999.0
DEFAULT,840290939105,,9999.0
DEFAULT,840290939112,,9999.0
DEFAULT,840290939129,,9999.0
DEFAULT,840290939136,,9999.0
DEFAULT,840290939143,,9999.0
DEFAULT,840290939150,,9999.0
DEFAULT,840290939303,,9999.0
DEFAULT,840290939310,,9999.0
DEFAULT,840290939327,,9999.0
DEFAULT,840290939334,,9999.0
DEFAULT,840290939341,,9999.0
DEFAULT,840290939358,,9999.0
DEFAULT,840290939365,,9999.0
DEFAULT,840290939372,,9999.0
DEFAULT,840290939389,,9999.0
DEFAULT,840290939396,,9999.0
DEFAULT,840290939402,,9999.0
DEFAULT,840290939419,,9999.0
DEFAULT,840290939426,,9999.0
DEFAULT,840290939433,,9999.0
DEFAULT,840290939587,,9999.0
DEFAULT,840290939594,,9999.0
DEFAULT,840290939600,,9999.0
DEFAULT,840290939617,,9999.0
DEFAULT,840290939624,,9999.0
DEFAULT,840290939631,,9999.0
DEFAULT,840290939648,,9999.0
DEFAULT,840290939655,,9999.0
DEFAULT,840290939662,,9999.0
DEFAULT,840290939679,,9999.0
DEFAULT,840290939686,,9999.0
DEFAULT,840290939693,,9999.0
DEFAULT,840290939709,,9999.0
DEFAULT,840290939716,,9999.0
DEFAULT,840290939860,,9999.0
DEFAULT,840290939877,,9999.0
DEFAULT,840290939884,,9999.0
DEFAULT,840290939891,,9999.0
DEFAULT,840290939907,,9999.0
DEFAULT,840290939914,,9999.0
DEFAULT,840290939921,,9999.0
DEFAULT,840290939938,,9999.0
DEFAULT,840290939945,,9999.0
DEFAULT,840290939952,,9999.0
DEFAULT,840290939969,,9999.0
DEFAULT,840290939976,,9999.0
DEFAULT,840290939983,,9999.0
DEFAULT,840290939990,,9999.0
DEFAULT,840290940149,,9999.0
DEFAULT,840290940156,,9999.0
DEFAULT,840290940163,,9999.0
DEFAULT,840290940170,,9999.0
DEFAULT,840290940187,,9999.0
DEFAULT,840290940194,,9999.0
DEFAULT,840290940200,,9999.0
DEFAULT,840290940217,,9999.0
DEFAULT,840290940224,,9999.0
DEFAULT,840290940231,,9999.0
DEFAULT,840290940248,,9999.0
DEFAULT,840290940255,,9999.0
DEFAULT,840290940262,,9999.0
DEFAULT,840290940279,,9999.0
DEFAULT,840290941023,,82.0
DEFAULT,840290941030,,218.0
DEFAULT,840290941047,,204.0
DEFAULT,840290941054,,188.0
DEFAULT,840290941061,,17.0
DEFAULT,840290941078,,163.0
DEFAULT,840290941085,,98.0
DEFAULT,840290941108,,201.0
DEFAULT,840290941115,,217.0
DEFAULT,840290941122,,171.0
DEFAULT,840290941139,,212.0
DEFAULT,840290941252,,9999.0
DEFAULT,840290941269,,9999.0
DEFAULT,840290941276,,9999.0
DEFAULT,840290941283,,9999.0
DEFAULT,840290941290,,9999.0
DEFAULT,840290941306,,9999.0
DEFAULT,840290941313,,9999.0
DEFAULT,840290941320,,9999.0
DEFAULT,840290941337,,9999.0
DEFAULT,840290941344,,9999.0
DEFAULT,840290941351,,9999.0
DEFAULT,840290941368,,9999.0
DEFAULT,840290941375,,9999.0
DEFAULT,840290941382,,9999.0
DEFAULT,840290941535,,9999.0
DEFAULT,840290941542,,9999.0
DEFAULT,840290941559,,9999.0
DEFAULT,840290941566,,9999.0
DEFAULT,840290941573,,9999.0
DEFAULT,840290941580,,9999.0
DEFAULT,840290941597,,9999.0
DEFAULT,840290941603,,9999.0
DEFAULT,840290941610,,9999.0
DEFAULT,840290941627,,9999.0
DEFAULT,840290941634,,9999.0
DEFAULT,840290941641,,9999.0
DEFAULT,840290941658,,9999.0
DEFAULT,840290941665,,9999.0
DEFAULT,840290941818,,9999.0
DEFAULT,840290941825,,9999.0
DEFAULT,840290941832,,9999.0
DEFAULT,840290941849,,9999.0
DEFAULT,840290941856,,9999.0
DEFAULT,840290941863,,9999.0
DEFAULT,840290941870,,9999.0
DEFAULT,840290941887,,9999.0
DEFAULT,840290941894,,9999.0
DEFAULT,840290941900,,9999.0
DEFAULT,840290941917,,9999.0
DEFAULT,840290941924,,9999.0
DEFAULT,840290941931,,9999.0
DEFAULT,840290941948,,9999.0
DEFAULT,840290942099,,9999.0
DEFAULT,840290942105,,9999.0
DEFAULT,840290942112,,9999.0
DEFAULT,840290942129,,9999.0
DEFAULT,840290942136,,9999.0
DEFAULT,840290942143,,9999.0
DEFAULT,840290942150,,9999.0
DEFAULT,840290942167,,9999.0
DEFAULT,840290942174,,9999.0
DEFAULT,840290942181,,9999.0
DEFAULT,840290942198,,9999.0
DEFAULT,840290942204,,9999.0
DEFAULT,840290942211,,9999.0
DEFAULT,840290942228,,9999.0
DEFAULT,840290942655,,9999.0
DEFAULT,840290942662,,9999.0
DEFAULT,840290942679,,9999.0
DEFAULT,840290942686,,9999.0
DEFAULT,840290942693,,9999.0
DEFAULT,840290942709,,9999.0
DEFAULT,840290942716,,9999.0
DEFAULT,840290942723,,9999.0
DEFAULT,840290942730,,9999.0
DEFAULT,840290942747,,9999.0
DEFAULT,840290942754,,9999.0
DEFAULT,840290942761,,9999.0
DEFAULT,840290942778,,9999.0
DEFAULT,840290942785,,9999.0
DEFAULT,840290942983,,9999.0
DEFAULT,840290942990,,9999.0
DEFAULT,840290943003,,9999.0
DEFAULT,840290943010,,9999.0
DEFAULT,840290943027,,9999.0
DEFAULT,840290943034,,9999.0
DEFAULT,840290943041,,9999.0
DEFAULT,840290943058,,9999.0
DEFAULT,840290943065,,9999.0
DEFAULT,840290943072,,9999.0
DEFAULT,840290943089,,9999.0
DEFAULT,840290943096,,9999.0
DEFAULT,840290943102,,9999.0
DEFAULT,840290943119,,9999.0
DEFAULT,840290943263,,9999.0
DEFAULT,840290943270,,9999.0
DEFAULT,840290943287,,9999.0
DEFAULT,840290943294,,9999.0
DEFAULT,840290943300,,9999.0
DEFAULT,840290943317,,9999.0
DEFAULT,840290943324,,9999.0
DEFAULT,840290943331,,9999.0
DEFAULT,840290943348,,9999.0
DEFAULT,840290943355,,9999.0
DEFAULT,840290943362,,9999.0
DEFAULT,840290943379,,9999.0
DEFAULT,840290943386,,9999.0
DEFAULT,840290943393,,9999.0
DEFAULT,840290943546,,9999.0
DEFAULT,840290943553,,9999.0
DEFAULT,840290943560,,9999.0
DEFAULT,840290943577,,9999.0
DEFAULT,840290943584,,9999.0
DEFAULT,840290943591,,9999.0
DEFAULT,840290943607,,9999.0
DEFAULT,840290943614,,9999.0
DEFAULT,840290943621,,9999.0
DEFAULT,840290943638,,9999.0
DEFAULT,840290943645,,9999.0
DEFAULT,840290943652,,9999.0
DEFAULT,840290943669,,9999.0
DEFAULT,840290943676,,9999.0
DEFAULT,840290943829,,9999.0
DEFAULT,840290943836,,9999.0
DEFAULT,840290943843,,9999.0
DEFAULT,840290943850,,9999.0
DEFAULT,840290943867,,9999.0
DEFAULT,840290943874,,9999.0
DEFAULT,840290943881,,9999.0
DEFAULT,840290943898,,9999.0
DEFAULT,840290943904,,9999.0
DEFAULT,840290943911,,9999.0
DEFAULT,840290943928,,9999.0
DEFAULT,840290943935,,9999.0
DEFAULT,840290943942,,9999.0
DEFAULT,840290943959,,9999.0
DEFAULT,840290944109,,9999.0
DEFAULT,840290944116,,9999.0
DEFAULT,840290944123,,9999.0
DEFAULT,840290944130,,9999.0
DEFAULT,840290944147,,9999.0
DEFAULT,840290944154,,9999.0
DEFAULT,840290944161,,9999.0
DEFAULT,840290944178,,9999.0
DEFAULT,840290944185,,9999.0
DEFAULT,840290944192,,9999.0
DEFAULT,840290944208,,9999.0
DEFAULT,840290944215,,9999.0
DEFAULT,840290944222,,9999.0
DEFAULT,840290944239,,9999.0
DEFAULT,840290944383,,9999.0
DEFAULT,840290944390,,9999.0
DEFAULT,840290944406,,9999.0
DEFAULT,840290944413,,9999.0
DEFAULT,840290944420,,9999.0
DEFAULT,840290944437,,9999.0
DEFAULT,840290944444,,9999.0
DEFAULT,840290944451,,9999.0
DEFAULT,840290944468,,9999.0
DEFAULT,840290944475,,9999.0
DEFAULT,840290944482,,9999.0
DEFAULT,840290944499,,9999.0
DEFAULT,840290944505,,9999.0
DEFAULT,840290944512,,9999.0
DEFAULT,840290944666,,9999.0
DEFAULT,840290944673,,9999.0
DEFAULT,840290944680,,9999.0
DEFAULT,840290944697,,9999.0
DEFAULT,840290944703,,9999.0
DEFAULT,840290944710,,9999.0
DEFAULT,840290944727,,9999.0
DEFAULT,840290944734,,9999.0
DEFAULT,840290944741,,9999.0
DEFAULT,840290944758,,9999.0
DEFAULT,840290944765,,9999.0
DEFAULT,840290944772,,9999.0
DEFAULT,840290944789,,9999.0
DEFAULT,840290944796,,9999.0
DEFAULT,840290944949,,9999.0
DEFAULT,840290944956,,9999.0
DEFAULT,840290944963,,9999.0
DEFAULT,840290944970,,9999.0
DEFAULT,840290944987,,9999.0
DEFAULT,840290944994,,9999.0
DEFAULT,840290945007,,9999.0
DEFAULT,840290945014,,9999.0
DEFAULT,840290945021,,9999.0
DEFAULT,840290945038,,9999.0
DEFAULT,840290945045,,9999.0
DEFAULT,840290945052,,9999.0
DEFAULT,840290945069,,9999.0
DEFAULT,840290945076,,9999.0
DEFAULT,840290945229,,9999.0
DEFAULT,840290945236,,9999.0
DEFAULT,840290945243,,9999.0
DEFAULT,840290945250,,9999.0
DEFAULT,840290945267,,9999.0
DEFAULT,840290945274,,9999.0
DEFAULT,840290945281,,9999.0
DEFAULT,840290945298,,9999.0
DEFAULT,840290945304,,9999.0
DEFAULT,840290945311,,9999.0
DEFAULT,840290945328,,9999.0
DEFAULT,840290945335,,9999.0
DEFAULT,840290945342,,9999.0
DEFAULT,840290945359,,9999.0
DEFAULT,840290945502,,9999.0
DEFAULT,840290945519,,9999.0
DEFAULT,840290945526,,9999.0
DEFAULT,840290945533,,19998.0
DEFAULT,840290945540,,9999.0
DEFAULT,840290945557,,9999.0
DEFAULT,840290945564,,9999.0
DEFAULT,840290945571,,9999.0
DEFAULT,840290945588,,9999.0
DEFAULT,840290945595,,9999.0
DEFAULT,840290945601,,9999.0
DEFAULT,840290945618,,9999.0
DEFAULT,840290945625,,9999.0
DEFAULT,840290945632,,9999.0
DEFAULT,840290945786,,9999.0
DEFAULT,840290945793,,9999.0
DEFAULT,840290945809,,9999.0
DEFAULT,840290945816,,9999.0
DEFAULT,840290945823,,9999.0
DEFAULT,840290945830,,9999.0
DEFAULT,840290945847,,9999.0
DEFAULT,840290945854,,9999.0
DEFAULT,840290945861,,9999.0
DEFAULT,840290945878,,9999.0
DEFAULT,840290945885,,9999.0
DEFAULT,840290945892,,9999.0
DEFAULT,840290945908,,9999.0
DEFAULT,840290945915,,9999.0
DEFAULT,840290946066,,9999.0
DEFAULT,840290946073,,9999.0
DEFAULT,840290946080,,9999.0
DEFAULT,840290946097,,9999.0
DEFAULT,840290946103,,9999.0
DEFAULT,840290946110,,9999.0
DEFAULT,840290946127,,9999.0
DEFAULT,840290946134,,9999.0
DEFAULT,840290946141,,9999.0
DEFAULT,840290946158,,9999.0
DEFAULT,840290946165,,9999.0
DEFAULT,840290946172,,9999.0
DEFAULT,840290946189,,9999.0
DEFAULT,840290946196,,9999.0
DEFAULT,840290946349,,9999.0
DEFAULT,840290946356,,9999.0
DEFAULT,840290946363,,9999.0
DEFAULT,840290946370,,9999.0
DEFAULT,840290946387,,9999.0
DEFAULT,840290946394,,9999.0
DEFAULT,840290946400,,9999.0
DEFAULT,840290946417,,9999.0
DEFAULT,840290946424,,9999.0
DEFAULT,840290946431,,9999.0
DEFAULT,840290946448,,9999.0
DEFAULT,840290946455,,9999.0
DEFAULT,840290946462,,9999.0
DEFAULT,840290946479,,9999.0
DEFAULT,840290946622,,9999.0
DEFAULT,840290946639,,9999.0
DEFAULT,840290946646,,9999.0
DEFAULT,840290946653,,9999.0
DEFAULT,840290946660,,9999.0
DEFAULT,840290946677,,9999.0
DEFAULT,840290946684,,9999.0
DEFAULT,840290946691,,9999.0
DEFAULT,840290946707,,9999.0
DEFAULT,840290946714,,9999.0
DEFAULT,840290946721,,9999.0
DEFAULT,840290946738,,9999.0
DEFAULT,840290946745,,9999.0
DEFAULT,840290946752,,9999.0
DEFAULT,840290946905,,9999.0
DEFAULT,840290946912,,9999.0
DEFAULT,840290946929,,9999.0
DEFAULT,840290946936,,9999.0
DEFAULT,840290946943,,9999.0
DEFAULT,840290946950,,9999.0
DEFAULT,840290946967,,9999.0
DEFAULT,840290946974,,9999.0
DEFAULT,840290946981,,9999.0
DEFAULT,840290946998,,9999.0
DEFAULT,840290947001,,9999.0
DEFAULT,840290947018,,9999.0
DEFAULT,840290947025,,9999.0
DEFAULT,840290947032,,9999.0
