RepID,SoldToID
JD1,1000001
HOU,1000001
HOU,1000003
JD1,1000003
HOU,1000004
JD1,1000004
HOU,1000005
SK1,1000005
JD1,1000006
HOU,1000006
HOU,1000007
PS1,1000007
HOU,1000008
JD1,1000008
PS1,1000009
HOU,1000009
HOU,1000010
SK1,1000010
HOU,1000011
JD1,1000011
HOU,1000012
JD1,1000012
JD1,1000013
HOU,1000013
JD1,1000014
HOU,1000014
HOU,1000015
HOU,1000015
HOU,1000016
HOU,1000016
HOU,1000017
HOU,1000017
HOU,1000018
HOU,1000018
HOU,1000019
HOU,1000019
HOU,1000020
HOU,1000020
HOU,1000021
HOU,1000021
HOU,1000022
HOU,1000022
HOU,1000023
HOU,1000023
HOU,1000024
HOU,1000024
HOU,1000025
HOU,1000025
HOU,1000026
HOU,1000026
HOU,1000027
HOU,1000027
HOU,1000028
HOU,1000028
HOU,1000029
HOU,1000029
HOU,1000030
HOU,1000030
HOU,1000031
HOU,1000031
HOU,1000032
HOU,1000032
HOU,1000033
HOU,1000033
HOU,1000034
HOU,1000034
HOU,1000035
HOU,1000035
HOU,1000036
HOU,1000036
HOU,1000037
HOU,1000037
HOU,1000038
HOU,1000038
HOU,1000039
HOU,1000039
HOU,1000040
HOU,1000040
HOU,1000041
HOU,1000041
HOU,1000042
HOU,1000042
HOU,1000043
HOU,1000043
HOU,1000044
HOU,1000044
HOU,1000045
HOU,1000045
HOU,1000046
HOU,1000046
HOU,1000047
DR1,1000047
DR1,1000048
HOU,1000048
DR1,1000049
HOU,1000049
HOU,1000049
HOU,1000050
DR1,1000050
HOU,1000050
HOU,1000051
HOU,1000051
DR1,1000051
HOU,1000052
HOU,1000052
DR1,1000052
DR1,1000053
HOU,1000053
HOU,1000053
HOU,1000054
HOU,1000054
DR1,1000054
JD1,1000055
HOU,1000055
HOU,1000056
PS1,1000056
PS1,1000057
HOU,1000057
JD1,1000058
HOU,1000058
JD1,1000059
HOU,1000059
HOU,1000060
JD1,1000060
JD1,1000061
HOU,1000061
HOU,1000062
JD1,1000062
JD1,1000063
HOU,1000063
JD1,1000064
HOU,1000064
HOU,1000065
JD1,1000065
PS1,1000066
HOU,1000066
HOU,1000067
TD1,1000067
HOU,1000068
JD1,1000068
HOU,1000069
JD1,1000069
JD1,1000070
HOU,1000070
PS1,1000071
HOU,1000071
HOU,1000072
PS1,1000072
PS1,1000073
HOU,1000073
HOU,1000074
JD1,1000074
HOU,1000075
JD1,1000075
JD1,1000076
HOU,1000076
HOU,1000077
HOU,1000077
HOU,1000078
JD1,1000078
HOU,1000079
JD1,1000079
HOU,1000080
JD1,1000080
JD1,1000081
HOU,1000081
HOU,1000082
JD1,1000082
JD1,1000083
HOU,1000083
HOU,1000084
JD1,1000084
JD1,1000085
HOU,1000085
HOU,1000086
JD1,1000086
HOU,1000087
JD1,1000087
JD1,1000088
HOU,1000088
JD1,1000089
HOU,1000089
HOU,1000090
JD1,1000090
HOU,1000091
JD1,1000091
HOU,1000092
JD1,1000092
HOU,1000093
JD1,1000093
HOU,1000094
JD1,1000094
HOU,1000095
GS1,1000095
JD1,1000096
HOU,1000096
JO1,1000097
HOU,1000097
HOU,1000098
JD1,1000098
JD1,1000099
HOU,1000099
JS1,1000100
HOU,1000100
CA1,1000101
HOU,1000101
HOU,1000102
HOU,1000102
HOU,1000103
HOU,1000103
FO1,1000104
HOU,1000104
HM1,1000105
HOU,1000105
HOU,1000106
HM1,1000106
HM1,1000107
HOU,1000107
JD1,1000108
HOU,1000108
HOU,1000109
WO1,1000109
HOU,1000110
HM1,1000110
HOU,1000111
FO1,1000111
JD1,1000112
HOU,1000112
JD1,1000113
HOU,1000113
JD1,1000114
HOU,1000114
HOU,1000115
CK1,1000115
CA1,1000116
HOU,1000116
HOU,1000117
TD1,1000117
CK1,1000118
HOU,1000118
HOU,1000119
TD1,1000119
HOU,1000120
JS1,1000120
TD1,1000121
HOU,1000121
JD1,1000122
HOU,1000122
CA1,1000123
HOU,1000123
TD1,1000124
HOU,1000124
TW2,1000125
HOU,1000125
TD1,1000126
HOU,1000126
JD1,1000127
HOU,1000127
JD1,1000128
HOU,1000128
HOU,1000129
HM1,1000129
CA1,1000130
HOU,1000130
HOU,1000131
CK1,1000131
HOU,1000132
CK1,1000132
CA1,1000133
HOU,1000133
TD1,1000134
HOU,1000134
HOU,1000135
MO1,1000135
HOU,1000136
MO1,1000136
HOU,1000137
JD1,1000137
PS1,1000138
HOU,1000138
HOU,1000139
JD1,1000139
MO1,1000140
HOU,1000140
CA1,1000141
HOU,1000141
CA1,1000142
HOU,1000142
HOU,1000143
PS1,1000143
TD1,1000144
HOU,1000144
PS1,1000145
HOU,1000145
TD1,1000146
HOU,1000146
HOU,1000147
JD1,1000147
HOU,1000148
JS1,1000148
JS1,1000149
HOU,1000149
JD1,1000150
HOU,1000150
TD1,1000151
HOU,1000151
HOU,1000152
PS1,1000152
JD1,1000153
HOU,1000153
JS1,1000154
HOU,1000154
MO1,1000155
HOU,1000155
HOU,1000156
PS1,1000156
HOU,1000157
PS1,1000157
JD1,1000158
HOU,1000158
HOU,1000159
PS1,1000159
CA1,1000160
HOU,1000160
CK1,1000161
HOU,1000161
HOU,1000162
MO1,1000162
HOU,1000163
JD1,1000163
HOU,1000164
MO1,1000164
SK1,1000165
HOU,1000165
HM1,1000166
HOU,1000166
HOU,1000167
MO1,1000167
HOU,1000168
CA1,1000168
PS1,1000169
HOU,1000169
TD1,1000170
HOU,1000170
HOU,1000171
MO1,1000171
HOU,1000172
PS1,1000172
TD1,1000173
HOU,1000173
HOU,1000174
CA1,1000174
PS1,1000175
HOU,1000175
HOU,1000176
CK1,1000176
MT5,1000177
HOU,1000177
HOU,1000178
TD1,1000178
HOU,1000179
JD1,1000179
CA1,1000180
HOU,1000180
JD1,1000181
HOU,1000181
HOU,1000182
JD1,1000182
HOU,1000183
PS1,1000183
HOU,1000184
JS1,1000184
HOU,1000185
JD1,1000185
HOU,1000186
JS1,1000186
HOU,1000187
HOU,1000187
HOU,1000188
HM1,1000188
HOU,1000189
MO1,1000189
PS1,1000190
HOU,1000190
HOU,1000191
HM1,1000191
HOU,1000192
PS1,1000192
HOU,1000193
CA1,1000193
JD1,1000194
HOU,1000194
HOU,1000195
JD1,1000195
HOU,1000197
JD1,1000197
HOU,1000198
MO1,1000198
HOU,1000199
MH2,1000199
DR1,1000199
DR1,1000200
MH1,1000200
HOU,1000200
HOU,1000201
DR1,1000201
HOU,1000201
HOU,1000202
DR1,1000202
DR1,1000203
HOU,1000203
HOU,1000203
HOU,1000204
PS1,1000204
HOU,1000205
HM1,1000205
JD1,1000206
HOU,1000206
HOU,1000207
JD1,1000207
MO1,1000208
HOU,1000208
CA1,1000209
HOU,1000209
CA1,1000210
HOU,1000210
HOU,1000211
JD1,1000211
HOU,1000212
CA1,1000212
HOU,1000213
PS1,1000213
PS1,1000214
HOU,1000214
PS1,1000215
HOU,1000215
HOU,1000216
HOU,1000216
TD1,1000217
HOU,1000217
HOU,1000218
PS1,1000218
HOU,1000219
JD1,1000219
JD1,1000220
HOU,1000220
MO1,1000221
HOU,1000221
HOU,1000222
TD1,1000222
HOU,1000223
CK1,1000223
JD1,1000224
HOU,1000224
HOU,1000225
JD1,1000225
TD1,1000226
HOU,1000226
JC1,1000227
HOU,1000227
SP1,1000228
HOU,1000228
HOU,1000229
PS1,1000229
HOU,1000230
CA1,1000230
HOU,1000231
TD1,1000231
TD1,1000232
HOU,1000232
CA1,1000233
HOU,1000233
HOU,1000234
HOU,1000234
HOU,1000235
HOU,1000235
JD1,1000236
HOU,1000236
FO1,1000237
HOU,1000237
CA1,1000238
HOU,1000238
WO1,1000239
HOU,1000239
HOU,1000240
MT6,1000240
MO1,1000241
HOU,1000241
HOU,1000242
MO1,1000242
PS1,1000243
HOU,1000243
PS1,1000244
HOU,1000244
JD1,1000245
HOU,1000245
HOU,1000246
PS1,1000246
HOU,1000247
HM1,1000247
HOU,1000248
PS1,1000248
HOU,1000249
MT6,1000249
HOU,1000250
TD1,1000250
HOU,1000251
PS1,1000251
JD1,1000252
HOU,1000252
JD1,1000253
HOU,1000253
TD1,1000254
HOU,1000254
HOU,1000255
CK1,1000255
HOU,1000256
HOU,1000256
HOU,1000257
HOU,1000257
HOU,1000258
HOU,1000258
HOU,1000259
FO1,1000259
JD1,1000260
HOU,1000260
TD1,1000261
HOU,1000261
JD1,1000262
HOU,1000262
HOU,1000263
JS1,1000263
JS1,1000264
HOU,1000264
PS1,1000265
HOU,1000265
JS1,1000266
HOU,1000266
HOU,1000267
PS1,1000267
PS1,1000268
HOU,1000268
HOU,1000269
PS1,1000269
HOU,1000270
HOU,1000270
HOU,1000271
HOU,1000271
HOU,1000272
HOU,1000272
HOU,1000273
PS1,1000273
JD1,1000274
HOU,1000274
HOU,1000275
JD1,1000275
FO1,1000276
HOU,1000276
HM1,1000277
HOU,1000277
HOU,1000278
SP1,1000278
HOU,1000279
JS1,1000279
HOU,1000280
TD1,1000280
TD1,1000281
HOU,1000281
HOU,1000282
JS1,1000282
TD1,1000283
HOU,1000283
HOU,1000284
JD1,1000284
TD1,1000285
HOU,1000285
HOU,1000286
JD1,1000286
JD1,1000287
HOU,1000287
HOU,1000288
JD1,1000288
HOU,1000289
MO1,1000289
HOU,1000290
MO1,1000290
HOU,1000291
JD1,1000291
HOU,1000292
TD1,1000292
HOU,1000293
GS1,1000293
HOU,1000294
HOU,1000294
JD1,1000295
HOU,1000295
HOU,1000296
PS1,1000296
HOU,1000297
PS1,1000297
HOU,1000298
AB1,1000298
HOU,1000299
TD1,1000299
HOU,1000300
GS1,1000300
JD1,1000301
HOU,1000301
HOU,1000302
PS1,1000302
HOU,1000303
RS1,1000303
JD1,1000304
HOU,1000304
HOU,1000305
JD1,1000305
JD1,1000306
HOU,1000306
HOU,1000307
JD1,1000307
HOU,1000308
HOU,1000308
HOU,1000309
HOU,1000309
HOU,1000310
MO1,1000310
PS1,1000311
HOU,1000311
PS1,1000312
HOU,1000312
CA1,1000313
HOU,1000313
HOU,1000314
HM1,1000314
HOU,1000315
PS1,1000315
CK1,1000316
HOU,1000316
HOU,1000317
CA1,1000317
PS1,1000318
HOU,1000318
HOU,1000319
TD1,1000319
JD1,1000320
HOU,1000320
CK1,1000321
HOU,1000321
CK1,1000322
HOU,1000322
JD1,1000323
HOU,1000323
HOU,1000324
TW1,1000324
TD1,1000325
HOU,1000325
HOU,1000326
TD1,1000326
HOU,1000327
HM1,1000327
HOU,1000328
CK1,1000328
HOU,1000329
CK1,1000329
HOU,1000330
HOU,1000330
PS1,1000331
HOU,1000331
HOU,1000332
HM1,1000332
RS1,1000333
HOU,1000333
CK1,1000334
HOU,1000334
HOU,1000335
HM1,1000335
JH1,1000336
HOU,1000336
JD1,1000337
HOU,1000337
HOU,1000338
GB1,1000338
HOU,1000339
HM1,1000339
GB1,1000340
HOU,1000340
CK1,1000341
HOU,1000341
GB1,1000342
HOU,1000342
JD1,1000343
HOU,1000343
HOU,1000344
MW6,1000344
HOU,1000345
GB1,1000345
HM1,1000346
HOU,1000346
WO1,1000347
HOU,1000347
HOU,1000348
HM1,1000348
HOU,1000349
PS1,1000349
MO1,1000350
HOU,1000350
SK1,1000351
HOU,1000351
PS1,1000352
HOU,1000352
MM1,1000353
HOU,1000353
HOU,1000354
JD1,1000354
HOU,1000355
PS1,1000355
HOU,1000356
PS1,1000356
PS1,1000357
HOU,1000357
CA1,1000358
HOU,1000358
HM1,1000359
HOU,1000359
HOU,1000360
PS1,1000360
HOU,1000361
JD1,1000361
MO1,1000362
HOU,1000362
HOU,1000363
JH1,1000363
HOU,1000365
HOU,1000365
HOU,1000366
GB1,1000366
HOU,1000367
JD1,1000367
JD1,1000368
HOU,1000368
HOU,1000369
JD1,1000369
JD1,1000370
HOU,1000370
JD1,1000371
HOU,1000371
HM1,1000372
HOU,1000372
HOU,1000373
JD1,1000373
TD1,1000374
HOU,1000374
HOU,1000375
PS1,1000375
PS1,1000376
HOU,1000376
HOU,1000377
JD1,1000377
JD1,1000378
HOU,1000378
HOU,1000379
JD1,1000379
HOU,1000380
JD1,1000380
CA1,1000381
HOU,1000381
HOU,1000382
JS1,1000382
JD1,1000383
HOU,1000383
HOU,1000384
MO1,1000384
PS1,1000385
HOU,1000385
HOU,1000386
TD1,1000386
JD1,1000387
HOU,1000387
HM1,1000388
HOU,1000388
HOU,1000389
PS1,1000389
PS1,1000390
HOU,1000390
PS1,1000391
HOU,1000391
DR1,1000392
HOU,1000392
PS1,1000393
HOU,1000393
HOU,1000394
HOU,1000394
HOU,1000395
HOU,1000395
HOU,1000396
HOU,1000396
HM1,1000397
HOU,1000397
PS1,1000398
HOU,1000398
HOU,1000399
TD1,1000399
HOU,1000400
HOU,1000400
MO1,1000401
HOU,1000401
MO1,1000402
HOU,1000402
HOU,1000403
TD1,1000403
HOU,1000404
MO1,1000404
HM1,1000405
HOU,1000405
HOU,1000406
MO1,1000406
SP1,1000407
HOU,1000407
TD1,1000408
HOU,1000408
HOU,1000409
JD1,1000409
HOU,1000410
FO1,1000410
HOU,1000411
SP1,1000411
JD1,1000412
HOU,1000412
MO1,1000413
HOU,1000413
SP1,1000414
HOU,1000414
AB1,1000415
HOU,1000415
HOU,1000416
FO1,1000416
JD1,1000417
HOU,1000417
JD1,1000418
HOU,1000418
HOU,1000419
FO1,1000419
FO1,1000420
HOU,1000420
HOU,1000421
JS1,1000421
HOU,1000422
PS1,1000422
HOU,1000423
CA1,1000423
CA1,1000424
HOU,1000424
FO1,1000425
HOU,1000425
CA1,1000426
HOU,1000426
HM1,1000427
HOU,1000427
HM1,1000428
HOU,1000428
HOU,1000429
SP1,1000429
PS1,1000430
HOU,1000430
HOU,1000431
GB1,1000431
HM1,1000432
HOU,1000432
HOU,1000433
HOU,1000433
HOU,1000434
HOU,1000434
HOU,1000435
FO1,1000435
HOU,1000436
MO1,1000436
PS1,1000437
HOU,1000437
FO1,1000438
HOU,1000438
HOU,1000439
JS1,1000439
HOU,1000440
SK1,1000440
HOU,1000441
HM1,1000441
GB1,1000442
HOU,1000442
HOU,1000443
AB1,1000443
HOU,1000444
JD1,1000444
JD1,1000445
HOU,1000445
HOU,1000446
FO1,1000446
PS1,1000447
HOU,1000447
HM1,1000448
HOU,1000448
HOU,1000449
HM1,1000449
HOU,1000450
HM1,1000450
FO1,1000451
HOU,1000451
JD1,1000452
HOU,1000452
FO1,1000453
HOU,1000453
HOU,1000454
PS1,1000454
HM1,1000455
HOU,1000455
JD1,1000457
HOU,1000457
FO1,1000458
HOU,1000458
HOU,1000459
FO1,1000459
JD1,1000460
HOU,1000460
MO1,1000461
HOU,1000461
FO1,1000462
HOU,1000462
FO1,1000463
HOU,1000463
HOU,1000464
PS1,1000464
MO1,1000465
HOU,1000465
PS1,1000466
HOU,1000466
HOU,1000467
DR1,1000467
HOU,1000467
HOU,1000468
PS1,1000468
HOU,1000469
HOU,1000469
HOU,1000470
MO1,1000470
HOU,1000471
FO1,1000471
HOU,1000472
SP1,1000472
PS1,1000473
HOU,1000473
FO1,1000474
HOU,1000474
JD1,1000475
HOU,1000475
JD1,1000476
HOU,1000476
JD1,1000477
HOU,1000477
HOU,1000478
MO1,1000478
HOU,1000480
CK1,1000480
DC1,1000481
HOU,1000481
HOU,1000482
HOU,1000482
HOU,1000483
JS1,1000483
HOU,1000484
PS1,1000484
HOU,1000485
DR1,1000485
KL1,1000485
GB1,1000486
HOU,1000486
HM1,1000487
HOU,1000487
HOU,1000488
TD1,1000488
HOU,1000489
JS1,1000489
PS1,1000490
HOU,1000490
HOU,1000491
MM1,1000491
HOU,1000492
TD1,1000492
HOU,1000494
RS1,1000494
HOU,1000495
JD1,1000495
HM1,1000496
HOU,1000496
HOU,1000497
JD1,1000497
PS1,1000498
HOU,1000498
HOU,1000499
PS1,1000499
FO1,1000500
HOU,1000500
MT6,1000501
HOU,1000501
CA1,1000502
HOU,1000502
HOU,1000503
PS1,1000503
HOU,1000504
HOU,1000504
HOU,1000505
JD1,1000505
HOU,1000506
PS1,1000506
JS1,1000507
HOU,1000507
JD1,1000508
HOU,1000508
HOU,1000509
SP1,1000509
HOU,1000510
MO1,1000510
HOU,1000511
PS1,1000511
JD1,1000512
HOU,1000512
HOU,1000513
DR1,1000513
JC1,1000514
HOU,1000514
TD1,1000515
HOU,1000515
HOU,1000516
MO1,1000516
HOU,1000517
JD1,1000517
HOU,1000518
JD1,1000518
HOU,1000519
JD1,1000519
JD1,1000520
HOU,1000520
HOU,1000521
JD1,1000521
HOU,1000522
JD1,1000522
HOU,1000523
JS1,1000523
HOU,1000524
HOU,1000524
HOU,1000525
CA1,1000525
HOU,1000526
JD1,1000526
HOU,1000527
JD1,1000527
HOU,1000528
HM1,1000528
HOU,1000529
MO1,1000529
JD1,1000530
HOU,1000530
HOU,1000531
HM1,1000531
HOU,1000532
PS1,1000532
TD1,1000533
HOU,1000533
HOU,1000534
TD1,1000534
CK1,1000535
HOU,1000535
HOU,1000536
FO1,1000536
HOU,1000537
TD1,1000537
HM1,1000538
HOU,1000538
JD1,1000539
HOU,1000539
JD1,1000540
HOU,1000540
HOU,1000541
HM1,1000541
HOU,1000542
RH1,1000542
PS1,1000543
HOU,1000543
HOU,1000544
GB1,1000544
HOU,1000545
PS1,1000545
RS1,1000546
HOU,1000546
HOU,1000547
JS1,1000547
HOU,1000548
JD1,1000548
MW6,1000549
HOU,1000549
HOU,1000550
HM1,1000550
TD1,1000551
HOU,1000551
FO1,1000552
HOU,1000552
HOU,1000553
HOU,1000553
HOU,1000554
HOU,1000554
HOU,1000555
SK1,1000555
DR1,1000556
HOU,1000556
HOU,1000556
HOU,1000557
GS1,1000557
CK1,1000558
HOU,1000558
HOU,1000559
BS1,1000559
HOU,1000560
FO1,1000560
FO1,1000561
HOU,1000561
HOU,1000562
HOU,1000562
SK1,1000563
HOU,1000563
HOU,1000564
JS1,1000564
HOU,1000565
MO1,1000565
HOU,1000566
JS1,1000566
HOU,1000567
HOU,1000567
JD1,1000568
HOU,1000568
CK1,1000569
HOU,1000569
HOU,1000570
TD1,1000570
HOU,1000571
HOU,1000571
HOU,1000572
HOU,1000572
HOU,1000573
JD1,1000573
HOU,1000574
HM1,1000574
MO1,1000575
HOU,1000575
HOU,1000576
TD1,1000576
HOU,1000577
HM1,1000577
HOU,1000578
GS1,1000578
JD1,1000579
HOU,1000579
CK1,1000580
HOU,1000580
HOU,1000581
PS1,1000581
JD1,1000582
HOU,1000582
HOU,1000583
RS1,1000583
HOU,1000584
TW1,1000584
GB1,1000585
HOU,1000585
CK1,1000586
HOU,1000586
HOU,1000587
WO1,1000587
FO1,1000588
HOU,1000588
PS1,1000589
HOU,1000589
FO1,1000590
HOU,1000590
HOU,1000591
TD1,1000591
HOU,1000592
JD1,1000592
JH1,1000593
HOU,1000593
HOU,1000594
CK1,1000594
TD1,1000595
HOU,1000595
HOU,1000596
SP1,1000596
HOU,1000597
TD1,1000597
HOU,1000598
GS1,1000598
FO1,1000599
HOU,1000599
HOU,1000600
HOU,1000600
HOU,1000601
HOU,1000601
HOU,1000602
PS1,1000602
HOU,1000603
HOU,1000603
JC1,1000604
HOU,1000604
JC1,1000605
HOU,1000605
HOU,1000606
PS1,1000606
HOU,1000607
PS1,1000607
MO1,1000608
HOU,1000608
CA1,1000609
HOU,1000609
PS1,1000610
HOU,1000610
TD1,1000611
HOU,1000611
HOU,1000612
JS1,1000612
HOU,1000613
TD1,1000613
HOU,1000614
TD1,1000614
RS1,1000615
HOU,1000615
HOU,1000616
HOU,1000616
HM1,1000617
HOU,1000617
JD1,1000618
HOU,1000618
HOU,1000619
JD1,1000619
SK1,1000620
HOU,1000620
SK1,1000621
HOU,1000621
TD1,1000622
HOU,1000622
HOU,1000623
SP1,1000623
HOU,1000624
HOU,1000624
CA1,1000625
HOU,1000625
HOU,1000626
HM1,1000626
FO1,1000627
HOU,1000627
HOU,1000628
GS1,1000628
JD1,1000629
HOU,1000629
HOU,1000630
PS1,1000630
PS1,1000631
HOU,1000631
PS1,1000632
HOU,1000632
CA1,1000633
HOU,1000633
PS1,1000634
HOU,1000634
PS1,1000635
HOU,1000635
GS1,1000636
HOU,1000636
JH1,1000637
HOU,1000637
GB1,1000638
HOU,1000638
HOU,1000639
JD1,1000639
RC1,1000640
HOU,1000640
HOU,1000641
CA1,1000641
BS1,1000642
HOU,1000642
JD1,1000643
HOU,1000643
HOU,1000644
GB1,1000644
PS1,1000645
HOU,1000645
GB1,1000646
HOU,1000646
CK1,1000647
HOU,1000647
PS1,1000648
HOU,1000648
CA1,1000649
HOU,1000649
HOU,1000650
JD1,1000650
JH1,1000651
HOU,1000651
TD1,1000652
HOU,1000652
HOU,1000653
GB1,1000653
SP1,1000654
HOU,1000654
RN1,1000655
HOU,1000655
HOU,1000656
CK1,1000656
HOU,1000657
TD1,1000657
HOU,1000658
PS1,1000658
MB1,1000659
HOU,1000659
HOU,1000660
JH1,1000660
MO1,1000661
HOU,1000661
HM1,1000662
HOU,1000662
MO1,1000663
HOU,1000663
FO1,1000664
HOU,1000664
HOU,1000665
CK1,1000665
HOU,1000666
JD1,1000667
HOU,1000667
HOU,1000668
PS1,1000668
GB1,1000669
HOU,1000669
HOU,1000670
TD1,1000670
GB1,1000671
HOU,1000671
HOU,1000672
HM1,1000672
HOU,1000673
JD1,1000673
JH1,1000674
HOU,1000674
HM1,1000675
HOU,1000675
HOU,1000676
PS1,1000676
HOU,1000677
CA1,1000677
HOU,1000678
FO1,1000678
HOU,1000679
HOU,1000679
HOU,1000680
GB1,1000680
GB1,1000681
HOU,1000681
MO1,1000682
HOU,1000682
HOU,1000683
HOU,1000683
HOU,1000684
JS1,1000684
PS1,1000685
HOU,1000685
HOU,1000686
PS1,1000686
HOU,1000687
PS1,1000687
GB1,1000688
HOU,1000688
HOU,1000689
PB1,1000689
HOU,1000690
PS1,1000690
HOU,1000691
SK1,1000691
HOU,1000692
RS1,1000692
HOU,1000693
CS1,1000693
HOU,1000694
MO1,1000694
JD1,1000695
HOU,1000695
HOU,1000696
HM1,1000696
HOU,1000697
TD1,1000697
HOU,1000698
PS1,1000698
HOU,1000699
MO1,1000699
SP1,1000700
HOU,1000700
MO1,1000701
HOU,1000701
GS1,1000702
HOU,1000702
JS1,1000703
HOU,1000703
RS1,1000704
HOU,1000704
GS1,1000705
HOU,1000705
HOU,1000706
PS1,1000706
JD1,1000707
HOU,1000707
HOU,1000708
GB1,1000708
HOU,1000709
AB1,1000709
HOU,1000710
CK1,1000710
HOU,1000711
PS1,1000711
PS1,1000712
HOU,1000712
HOU,1000713
TD1,1000713
HM1,1000714
HOU,1000714
HOU,1000715
HOU,1000715
HOU,1000716
PS1,1000716
CA1,1000717
HOU,1000717
HOU,1000718
RC1,1000718
HOU,1000719
RS1,1000719
SK1,1000720
HOU,1000720
HOU,1000721
JC2,1000721
JS1,1000722
HOU,1000722
HOU,1000723
HOU,1000723
HOU,1000724
HOU,1000724
HOU,1000725
JD1,1000725
TD1,1000726
HOU,1000726
FO1,1000727
HOU,1000727
HOU,1000728
RS1,1000728
RS1,1000729
HOU,1000729
HOU,1000730
GB1,1000730
HOU,1000731
PS1,1000731
FO1,1000732
HOU,1000732
HOU,1000733
JD1,1000733
CA1,1000734
HOU,1000734
HOU,1000735
MO1,1000735
HOU,1000736
HOU,1000736
HOU,1000737
HOU,1000737
JO1,1000738
HOU,1000738
RS1,1000739
HOU,1000739
HOU,1000740
HOU,1000740
MW5,1000741
HOU,1000741
HOU,1000742
PS1,1000742
GB1,1000743
HOU,1000743
HOU,1000744
FO1,1000744
RS1,1000745
HOU,1000745
HOU,1000746
CS1,1000746
HM1,1000747
HOU,1000747
HOU,1000748
JD1,1000748
JD1,1000749
HOU,1000749
HOU,1000750
HOU,1000750
HOU,1000752
TD1,1000752
HOU,1000753
JD1,1000753
JD1,1000754
HOU,1000754
HOU,1000755
TD1,1000755
HOU,1000756
JD1,1000756
FO1,1000757
HOU,1000757
FO1,1000758
HOU,1000758
HOU,1000759
HOU,1000759
AB1,1000760
HOU,1000760
TD1,1000761
HOU,1000761
HOU,1000762
GB1,1000762
PS1,1000763
HOU,1000763
HOU,1000764
MO1,1000764
GB1,1000765
HOU,1000765
HOU,1000766
GB1,1000766
HOU,1000767
JD1,1000767
CA1,1000768
HOU,1000768
BS1,1000769
HOU,1000769
HOU,1000770
RS1,1000770
AB1,1000771
HOU,1000771
SK1,1000772
HOU,1000772
HOU,1000773
MO1,1000773
PS1,1000774
HOU,1000774
HOU,1000775
PB1,1000775
HOU,1000776
TD1,1000776
HOU,1000777
MM1,1000777
HOU,1000778
MO1,1000778
HOU,1000779
JD1,1000779
HOU,1000780
AB1,1000780
RS1,1000781
HOU,1000781
AB1,1000782
HOU,1000782
HOU,1000783
HOU,1000783
HOU,1000784
AB1,1000784
GB1,1000785
HOU,1000785
HOU,1000786
SK1,1000786
HOU,1000787
GS1,1000787
HOU,1000788
JS1,1000788
SK1,1000789
HOU,1000789
HOU,1000790
AB1,1000790
HOU,1000791
HM1,1000791
HOU,1000792
PS1,1000792
HOU,1000793
JO1,1000793
PS1,1000794
HOU,1000794
HOU,1000795
JM1,1000795
HOU,1000796
JM1,1000796
JM1,1000797
HOU,1000797
HOU,1000798
JD1,1000798
HOU,1000799
AG1,1000799
AB1,1000800
HOU,1000800
JS1,1000801
HOU,1000801
DR1,1000802
HOU,1000802
MH2,1000802
HOU,1000803
DR1,1000803
MH2,1000803
HOU,1000804
MH1,1000804
DR1,1000804
MH1,1000805
DR1,1000805
HOU,1000805
DR1,1000806
HOU,1000806
KL1,1000806
DR1,1000807
KL1,1000807
HOU,1000807
HOU,1000808
PS1,1000808
HOU,1000809
HOU,1000809
HOU,1000810
HOU,1000810
HOU,1000811
JD1,1000811
HOU,1000812
AB1,1000812
HOU,1000813
RS1,1000813
HOU,1000814
HOU,1000814
HOU,1000815
PS1,1000815
HOU,1000816
GB1,1000816
HOU,1000817
MB1,1000817
RS1,1000818
HOU,1000818
SK1,1000819
HOU,1000819
HOU,1000820
JM1,1000820
PS1,1000821
HOU,1000821
HOU,1000822
RS1,1000822
HOU,1000823
GB1,1000823
HOU,1000824
PS1,1000824
HOU,1000825
RS1,1000825
HOU,1000826
BS1,1000826
HOU,1000827
BS1,1000827
HM1,1000828
HOU,1000828
HOU,1000829
GB1,1000829
HOU,1000830
RC1,1000830
TD1,1000831
HOU,1000831
HOU,1000832
SK1,1000832
HOU,1000833
GB1,1000833
GB1,1000834
HOU,1000834
HOU,1000835
AB1,1000835
MO1,1000836
HOU,1000836
JC2,1000837
HOU,1000837
HOU,1000838
BS1,1000838
HOU,1000839
JD1,1000839
JM1,1000840
HOU,1000840
HOU,1000841
HOU,1000841
HOU,1000842
TD1,1000842
HOU,1000843
GB1,1000843
JD1,1000844
HOU,1000844
HOU,1000845
JD1,1000845
HOU,1000846
AB1,1000846
JD1,1000847
HOU,1000847
HOU,1000848
HM1,1000848
AB1,1000849
HOU,1000849
JD1,1000850
HOU,1000850
HOU,1000851
PS1,1000851
HOU,1000852
HOU,1000852
HOU,1000853
GB1,1000853
AB1,1000854
HOU,1000854
HOU,1000855
HOU,1000855
HOU,1000856
DR1,1000856
JM1,1000857
HOU,1000857
HOU,1000858
JM1,1000858
JS1,1000859
HOU,1000859
AB1,1000860
HOU,1000860
HOU,1000861
JD1,1000861
HOU,1000862
MO1,1000862
HOU,1000863
MO1,1000863
HM1,1000864
HOU,1000864
HOU,1000865
HOU,1000865
JD1,1000866
HOU,1000866
CB1,1000867
HOU,1000867
HOU,1000868
HM1,1000868
MO1,1000869
HOU,1000869
HOU,1000870
TD1,1000870
HOU,1000871
CK1,1000871
FO1,1000872
HOU,1000872
TD1,1000873
HOU,1000873
JD1,1000874
HOU,1000874
HOU,1000875
MO1,1000875
HM1,1000876
HOU,1000876
SL1,1000877
HOU,1000877
TD1,1000878
HOU,1000878
HOU,1000879
TD1,1000879
HOU,1000880
JD1,1000880
HOU,1000881
JD1,1000881
JD1,1000882
HOU,1000882
HOU,1000883
JD1,1000883
JD1,1000884
HOU,1000884
TD1,1000885
HOU,1000885
HOU,1000886
SK1,1000886
HOU,1000887
JD1,1000887
HOU,1000888
HOU,1000888
JD1,1000889
HOU,1000889
MO1,1000890
HOU,1000890
HOU,1000891
JD1,1000891
JM1,1000892
HOU,1000892
HOU,1000893
BS1,1000893
AG1,1000894
HOU,1000894
HOU,1000895
PS1,1000895
HOU,1000896
TD1,1000896
HOU,1000897
MO1,1000897
HOU,1000898
HOU,1000898
MO1,1000899
HOU,1000899
JD1,1000900
HOU,1000900
HOU,1000901
JS1,1000901
HOU,1000902
JS1,1000902
HOU,1000903
JD1,1000903
HOU,1000904
PS1,1000904
HOU,1000905
PS1,1000905
HOU,1000906
JO1,1000906
MO1,1000907
HOU,1000907
CK1,1000908
HOU,1000908
SK1,1000909
HOU,1000909
HM1,1000910
HOU,1000910
CA1,1000911
HOU,1000911
HOU,1000912
HM1,1000912
HOU,1000913
GB1,1000913
FO1,1000914
HOU,1000914
HOU,1000915
SL1,1000915
HOU,1000916
PS1,1000916
PS1,1000917
HOU,1000917
HOU,1000918
HOU,1000918
SP1,1000919
HOU,1000919
MO1,1000920
HOU,1000920
HOU,1000921
JD1,1000921
PS1,1000922
HOU,1000922
HOU,1000923
SP1,1000923
PS1,1000924
HOU,1000924
HOU,1000925
RC1,1000925
HOU,1000926
TD1,1000926
PS1,1000927
HOU,1000927
HOU,1000928
PS1,1000928
CA1,1000929
HOU,1000929
CA1,1000930
HOU,1000930
HOU,1000931
FO1,1000931
TD1,1000932
HOU,1000932
HOU,1000933
TD1,1000933
HOU,1000934
PS1,1000934
CK1,1000935
HOU,1000935
HOU,1000936
JO1,1000936
CK1,1000937
HOU,1000937
PS1,1000938
HOU,1000938
HOU,1000939
BS1,1000939
HOU,1000940
CB1,1000940
HOU,1000941
HOU,1000941
JD1,1000942
HOU,1000942
HOU,1000943
RC1,1000943
HOU,1000944
RN1,1000944
HOU,1000945
SP1,1000945
HOU,1000946
PS1,1000946
HOU,1000947
HOU,1000947
PS1,1000948
HOU,1000948
HOU,1000949
RN1,1000949
SL1,1000950
HOU,1000950
HOU,1000951
JD1,1000951
FO1,1000952
HOU,1000952
JD1,1000953
HOU,1000953
HOU,1000954
JS1,1000954
RS1,1000955
HOU,1000955
JD1,1000956
HOU,1000956
CP1,1000957
HOU,1000957
JO1,1000958
HOU,1000958
HOU,1000959
HOU,1000959
HOU,1000960
RN1,1000960
HOU,1000961
PS1,1000961
HOU,1000962
JS1,1000962
SL1,1000963
HOU,1000963
FO1,1000964
HOU,1000964
HOU,1000965
PS1,1000965
HOU,1000966
FO1,1000966
FO1,1000967
HOU,1000967
HOU,1000968
HOU,1000968
PS1,1000969
HOU,1000969
HOU,1000970
BS1,1000970
HOU,1000971
TD1,1000971
HOU,1000972
HOU,1000972
PS1,1000973
HOU,1000973
JD1,1000974
HOU,1000974
HOU,1000975
PS1,1000975
HOU,1000976
PS1,1000976
SK3,1000977
HOU,1000977
HOU,1000978
SK3,1000978
HOU,1000979
MO1,1000979
CK1,1000980
HOU,1000980
GB1,1000981
HOU,1000981
JD1,1000982
HOU,1000982
HOU,1000983
JD1,1000983
HOU,1000984
SP1,1000984
BS1,1000985
HOU,1000985
HOU,1000986
JD1,1000986
HOU,1000987
JS1,1000987
HOU,1000988
CA1,1000988
JD1,1000989
HOU,1000989
HOU,1000990
HOU,1000990
HOU,1000991
HOU,1000991
HOU,1000995
HOU,1000995
JC2,1000996
HOU,1000996
HOU,1000997
HOU,1000997
HOU,1000998
HOU,1000998
HOU,1000999
HOU,1000999
HOU,1001000
BS1,1001000
PS1,1001001
HOU,1001001
HOU,1001002
AR1,1001002
SM1,1001002
DR1,1001002
AR1,1001003
DR1,1001003
HOU,1001003
SM1,1001003
HOU,1001004
AR1,1001004
DR1,1001004
SM1,1001004
JD1,1001005
HOU,1001005
HOU,1001006
MO1,1001006
HOU,1001007
MO1,1001007
TD1,1001008
HOU,1001008
HOU,1001009
PS1,1001009
FO1,1001010
HOU,1001010
HOU,1001011
GB1,1001011
HOU,1001012
JO1,1001012
HOU,1001013
HOU,1001013
HOU,1001014
GB1,1001014
SP1,1001015
HOU,1001015
HOU,1001016
CP1,1001016
HOU,1001017
JD1,1001017
PS1,1001018
HOU,1001018
GB1,1001019
HOU,1001019
PS1,1001020
HOU,1001020
HOU,1001021
PS1,1001021
HOU,1001022
JS1,1001022
HOU,1001023
AB1,1001023
HOU,1001024
AB1,1001024
HOU,1001025
RS1,1001025
HOU,1001026
RS1,1001026
HOU,1001027
JO1,1001027
JD1,1001028
HOU,1001028
HOU,1001029
PS1,1001029
HOU,1001030
HOU,1001030
SK1,1001031
HOU,1001031
CA1,1001032
HOU,1001032
HOU,1001033
JD1,1001033
RS1,1001034
HOU,1001034
HOU,1001035
JC2,1001035
HOU,1001036
RN1,1001036
JC1,1001037
HOU,1001037
HOU,1001038
CA1,1001038
HOU,1001039
SP1,1001039
HOU,1001040
RN1,1001040
JS1,1001041
HOU,1001041
JD1,1001042
HOU,1001042
HOU,1001043
JO1,1001043
SL1,1001044
HOU,1001044
HOU,1001045
TD1,1001045
PS1,1001046
HOU,1001046
AB1,1001047
HOU,1001047
JO1,1001048
HOU,1001048
PS1,1001049
HOU,1001049
HOU,1001050
JO1,1001050
HOU,1001051
HOU,1001051
DR1,1001051
HOU,1001052
PS1,1001052
TD1,1001053
HOU,1001053
HOU,1001054
MO1,1001054
PS1,1001055
HOU,1001055
TD1,1001056
HOU,1001056
PS1,1001057
HOU,1001057
HOU,1001058
MM1,1001058
PS1,1001059
HOU,1001059
HOU,1001060
JD1,1001060
HOU,1001061
BS1,1001061
HOU,1001062
HM1,1001062
HOU,1001063
HOU,1001063
PS1,1001064
HOU,1001064
HOU,1001065
PS1,1001065
HOU,1001066
PS1,1001066
HOU,1001067
PS1,1001067
HOU,1001068
PS1,1001068
HOU,1001069
JS1,1001069
PS1,1001070
HOU,1001070
HOU,1001071
HOU,1001071
HOU,1001072
JH1,1001072
HOU,1001073
PS1,1001073
HOU,1001074
PS1,1001074
MO1,1001075
HOU,1001075
HOU,1001076
SL1,1001076
HOU,1001077
KB1,1001077
HOU,1001078
GB1,1001078
RN1,1001079
HOU,1001079
HOU,1001080
RN1,1001080
HOU,1001081
RN1,1001081
PS1,1001082
HOU,1001082
HOU,1001083
CA1,1001083
JD1,1001084
HOU,1001084
HOU,1001085
JD1,1001085
HOU,1001086
TD1,1001086
HOU,1001087
PS1,1001087
HOU,1001088
DR1,1001088
PS1,1001089
HOU,1001089
HOU,1001090
JD1,1001090
JD1,1001091
HOU,1001091
HOU,1001092
AB1,1001092
HOU,1001093
FO1,1001093
HOU,1001094
RS1,1001094
HOU,1001095
AB1,1001095
JH1,1001096
HOU,1001096
HOU,1001097
GB1,1001097
HOU,1001098
RS1,1001098
RS1,1001099
HOU,1001099
RC1,1001100
HOU,1001100
GB1,1001101
HOU,1001101
SL1,1001102
HOU,1001102
HOU,1001103
SL1,1001103
HOU,1001104
HM1,1001104
HOU,1001105
RS1,1001105
HOU,1001106
RC1,1001106
RS1,1001107
HOU,1001107
RS1,1001108
HOU,1001108
HOU,1001109
RS1,1001109
RS1,1001110
HOU,1001110
HOU,1001111
RS1,1001111
PS1,1001112
HOU,1001112
RS1,1001113
HOU,1001113
RS1,1001114
HOU,1001114
RS1,1001115
HOU,1001115
PS1,1001117
HOU,1001117
HOU,1001118
AB1,1001118
JC1,1001119
HOU,1001119
HOU,1001120
PS1,1001120
HOU,1001121
AB1,1001121
JC1,1001122
HOU,1001122
HOU,1001123
SL1,1001123
CA1,1001124
HOU,1001124
TW2,1001125
HOU,1001125
HOU,1001126
MO1,1001126
JO1,1001127
HOU,1001127
HOU,1001128
JD1,1001128
HOU,1001129
HOU,1001129
HOU,1001130
RS1,1001130
SK1,1001131
HOU,1001131
RS1,1001132
HOU,1001132
HOU,1001133
RS1,1001133
AB1,1001134
HOU,1001134
PB1,1001135
HOU,1001135
HOU,1001136
AB1,1001136
HOU,1001137
JD1,1001137
JH1,1001138
HOU,1001138
JS1,1001139
HOU,1001139
CA1,1001140
HOU,1001140
HOU,1001141
PS1,1001141
HOU,1001142
JD1,1001142
HOU,1001143
FO1,1001143
HOU,1001144
HOU,1001144
HOU,1001145
JO1,1001145
JD1,1001146
HOU,1001146
GB1,1001147
HOU,1001147
PS1,1001148
HOU,1001148
HOU,1001149
PS1,1001149
GB1,1001150
HOU,1001150
GB1,1001151
HOU,1001151
HOU,1001152
GB1,1001152
HOU,1001153
RS1,1001153
GB1,1001155
HOU,1001155
HOU,1001156
AB1,1001156
HM1,1001157
HOU,1001157
PS1,1001159
HOU,1001159
HOU,1001160
PS1,1001160
HOU,1001161
TD1,1001161
HOU,1001162
TD1,1001162
MO1,1001163
HOU,1001163
PS1,1001164
HOU,1001164
HOU,1001165
MO1,1001165
HOU,1001166
JD1,1001166
PS1,1001167
HOU,1001167
PS1,1001168
HOU,1001168
HOU,1001169
HM1,1001169
SL1,1001170
HOU,1001170
HOU,1001171
PS1,1001171
HOU,1001172
PS1,1001172
PS1,1001173
HOU,1001173
HOU,1001174
AB1,1001174
HOU,1001175
HM1,1001175
HOU,1001176
PB1,1001176
HOU,1001177
GB1,1001177
GB1,1001178
HOU,1001178
SK1,1001179
HOU,1001179
HOU,1001180
WO1,1001180
HOU,1001181
FO1,1001181
JD1,1001182
HOU,1001182
TD1,1001183
HOU,1001183
JD1,1001184
HOU,1001184
CK1,1001185
HOU,1001185
HOU,1001186
SK1,1001186
JS1,1001187
HOU,1001187
JS1,1001188
HOU,1001188
HOU,1001189
GB1,1001189
HOU,1001190
PS1,1001190
HOU,1001191
FO1,1001191
HOU,1001192
JD1,1001192
HOU,1001193
HOU,1001193
PS1,1001194
HOU,1001194
PS1,1001195
HOU,1001195
HOU,1001196
HOU,1001196
JD1,1001197
HOU,1001197
PS1,1001198
HOU,1001198
AG1,1001199
HOU,1001199
JH1,1001200
HOU,1001200
HOU,1001201
JD1,1001201
SP1,1001202
HOU,1001202
SP1,1001203
HOU,1001203
HOU,1001204
CA1,1001204
JD1,1001205
HOU,1001205
HOU,1001206
AG1,1001206
JS1,1001207
HOU,1001207
HOU,1001208
AG1,1001208
MO1,1001209
HOU,1001209
GB1,1001210
HOU,1001210
HOU,1001211
SL1,1001211
HOU,1001212
HOU,1001212
SP1,1001213
HOU,1001213
HOU,1001214
JC2,1001214
MO1,1001215
HOU,1001215
JC1,1001216
HOU,1001216
AG1,1001217
HOU,1001217
CA1,1001218
HOU,1001218
HOU,1001219
PS1,1001219
RS1,1001220
HOU,1001220
HOU,1001221
AG1,1001221
HOU,1001223
HOU,1001223
HOU,1001225
MO1,1001225
RN1,1001226
HOU,1001226
HOU,1001227
MO1,1001227
HOU,1001228
TD1,1001228
HOU,1001229
HOU,1001229
HOU,1001230
GB1,1001230
HOU,1001231
HOU,1001231
HOU,1001232
PS1,1001232
HOU,1001233
JC2,1001233
HOU,1001234
TD1,1001234
MO1,1001235
HOU,1001235
HOU,1001236
BS1,1001236
JH1,1001237
HOU,1001237
JO1,1001238
HOU,1001238
TD1,1001239
HOU,1001239
RC1,1001240
HOU,1001240
TD1,1001241
HOU,1001241
JC2,1001242
HOU,1001242
JC2,1001243
HOU,1001243
HOU,1001244
SL1,1001244
HM1,1001245
HOU,1001245
HOU,1001246
FO1,1001246
JD1,1001247
HOU,1001247
HOU,1001248
JS1,1001248
HOU,1001249
PS1,1001249
HOU,1001250
HM1,1001250
PS1,1001251
HOU,1001251
HOU,1001252
JD1,1001252
HM1,1001253
HOU,1001253
BS1,1001254
HOU,1001254
HOU,1001255
JO1,1001255
GB1,1001257
HOU,1001257
GB1,1001258
HOU,1001258
GB1,1001259
HOU,1001259
TD1,1001260
HOU,1001260
HOU,1001261
RS1,1001261
SP1,1001262
HOU,1001262
SL1,1001263
HOU,1001263
HOU,1001264
CB1,1001264
HOU,1001265
AG1,1001265
JD1,1001266
HOU,1001266
HOU,1001267
JD1,1001267
HOU,1001268
RS1,1001268
CB1,1001269
HOU,1001269
FO1,1001270
HOU,1001270
SL1,1001271
HOU,1001271
BS1,1001272
HOU,1001272
HOU,1001273
BS1,1001273
SL1,1001274
HOU,1001274
TD1,1001275
HOU,1001275
JO1,1001276
HOU,1001276
HOU,1001277
CA1,1001277
HOU,1001278
RN1,1001278
RS1,1001279
HOU,1001279
HOU,1001280
FO1,1001280
HOU,1001281
TD1,1001281
HOU,1001282
HOU,1001282
HOU,1001283
JO1,1001283
CB1,1001284
HOU,1001284
SP1,1001285
HOU,1001285
AB1,1001286
HOU,1001286
HOU,1001287
HOU,1001287
RS1,1001288
HOU,1001288
MO1,1001289
HOU,1001289
HOU,1001290
SL1,1001290
PS1,1001291
HOU,1001291
SP1,1001292
HOU,1001292
HOU,1001293
HOU,1001293
HOU,1001294
SL1,1001294
HOU,1001295
GB1,1001295
HOU,1001296
JO1,1001296
TD1,1001297
HOU,1001297
HOU,1001298
HOU,1001298
SL1,1001299
HOU,1001299
CK1,1001300
HOU,1001300
HOU,1001301
JD1,1001301
HOU,1001302
RS1,1001302
HOU,1001303
RS1,1001303
BS1,1001304
HOU,1001304
HOU,1001305
CA1,1001305
HOU,1001306
JC1,1001306
HOU,1001307
RC1,1001307
TD1,1001308
HOU,1001308
HOU,1001309
GB1,1001309
JD1,1001310
HOU,1001310
PS1,1001311
HOU,1001311
CB1,1001312
HOU,1001312
CB1,1001313
HOU,1001313
PS1,1001314
HOU,1001314
JD1,1001315
HOU,1001315
JC1,1001316
HOU,1001316
HOU,1001317
PS1,1001317
JD1,1001318
HOU,1001318
CA1,1001319
HOU,1001319
HOU,1001320
KB1,1001320
HOU,1001321
PS1,1001321
HOU,1001322
JS1,1001322
HOU,1001323
PS1,1001323
HOU,1001324
BS1,1001324
BS1,1001325
HOU,1001325
RS1,1001326
HOU,1001326
RC1,1001327
HOU,1001327
GB1,1001328
HOU,1001328
JH1,1001329
HOU,1001329
HOU,1001330
TD1,1001330
FO1,1001331
HOU,1001331
HOU,1001332
PS1,1001332
HOU,1001333
MO1,1001333
JS1,1001334
HOU,1001334
CM1,1001335
HOU,1001335
HOU,1001336
JD1,1001336
JD1,1001337
HOU,1001337
TD1,1001338
HOU,1001338
HOU,1001339
RS1,1001339
MO1,1001340
HOU,1001340
HOU,1001341
HOU,1001341
GB1,1001342
HOU,1001342
HOU,1001343
JC2,1001343
HOU,1001344
MO1,1001344
HOU,1001345
MO1,1001345
HOU,1001346
PS1,1001346
HOU,1001347
PS1,1001347
MO1,1001348
HOU,1001348
HOU,1001349
JD1,1001349
PS1,1001350
HOU,1001350
HOU,1001351
SP1,1001351
JD1,1001352
HOU,1001352
HOU,1001353
MO1,1001353
HOU,1001354
JC2,1001354
HOU,1001355
HOU,1001355
JC2,1001356
HOU,1001356
HOU,1001357
MO1,1001357
HOU,1001358
JC1,1001358
HOU,1001359
JD1,1001359
HOU,1001360
BS1,1001360
HOU,1001361
JO1,1001361
HOU,1001362
RN1,1001362
HOU,1001363
HOU,1001363
DR1,1001363
HOU,1001364
HOU,1001364
PS1,1001365
HOU,1001365
SL1,1001366
HOU,1001366
HOU,1001367
JD1,1001367
HOU,1001368
TD1,1001368
HOU,1001369
HOU,1001369
CA1,1001370
HOU,1001370
CK1,1001371
HOU,1001371
HOU,1001372
CA1,1001372
SL1,1001373
HOU,1001373
HOU,1001374
CB1,1001374
JD1,1001375
HOU,1001375
MO1,1001376
HOU,1001376
JD1,1001377
HOU,1001377
HOU,1001378
RN1,1001378
HOU,1001379
JO1,1001379
HOU,1001380
HOU,1001380
HOU,1001381
TD1,1001381
HOU,1001382
JO1,1001382
MO1,1001383
HOU,1001383
SL1,1001384
HOU,1001384
JC2,1001385
HOU,1001385
HOU,1001386
JS1,1001386
HOU,1001387
JD1,1001387
AG1,1001388
HOU,1001388
PS1,1001389
HOU,1001389
RS1,1001390
HOU,1001390
HOU,1001391
TD1,1001391
HOU,1001392
SL1,1001392
FO1,1001393
HOU,1001393
HOU,1001394
GB1,1001394
GB1,1001395
HOU,1001395
HOU,1001396
PS1,1001396
HOU,1001397
BS1,1001397
HOU,1001398
JD1,1001398
HOU,1001399
PS1,1001399
CK1,1001400
HOU,1001400
TD1,1001401
HOU,1001401
JO1,1001402
HOU,1001402
HOU,1001403
SL1,1001403
CM1,1001404
HOU,1001404
HOU,1001405
HOU,1001405
PS1,1001406
HOU,1001406
JO1,1001407
HOU,1001407
HOU,1001408
HOU,1001408
HOU,1001409
JD1,1001409
SL1,1001410
HOU,1001410
JC2,1001411
HOU,1001411
HOU,1001412
MO1,1001412
SL1,1001413
HOU,1001413
HOU,1001414
GB1,1001414
HOU,1001415
TD1,1001415
TD1,1001416
HOU,1001416
HOU,1001417
JC1,1001417
HOU,1001418
JD1,1001418
JO1,1001419
HOU,1001419
HOU,1001420
PS1,1001420
HOU,1001421
RS1,1001421
HOU,1001422
TD1,1001422
HOU,1001423
PS1,1001423
MO1,1001424
HOU,1001424
HOU,1001425
HOU,1001425
PS1,1001426
HOU,1001426
MH1,1001427
HOU,1001427
HOU,1001428
MH2,1001428
KL1,1001429
HOU,1001429
PS1,1001430
HOU,1001430
HOU,1001431
TD1,1001431
HOU,1001432
PS1,1001432
HOU,1001433
HOU,1001433
HOU,1001434
HOU,1001434
HOU,1001435
HOU,1001435
JD1,1001436
HOU,1001436
MO1,1001437
HOU,1001437
HOU,1001438
PS1,1001438
HOU,1001439
PS1,1001439
HOU,1001440
SC1,1001440
HOU,1001441
HOU,1001441
AG1,1001442
HOU,1001442
AG1,1001443
HOU,1001443
MO1,1001444
HOU,1001444
JD1,1001445
HOU,1001445
MO1,1001446
HOU,1001446
HOU,1001447
HOU,1001447
HOU,1001448
AG1,1001448
PS1,1001449
HOU,1001449
HOU,1001450
JD1,1001450
HOU,1001451
JO1,1001451
JD1,1001452
HOU,1001452
HOU,1001453
JC2,1001453
PS1,1001454
HOU,1001454
AB1,1001455
HOU,1001455
HOU,1001456
HOU,1001456
TD1,1001457
HOU,1001457
HOU,1001458
HOU,1001458
HOU,1001459
HOU,1001459
HOU,1001460
JO1,1001460
JD1,1001461
HOU,1001461
HOU,1001462
HOU,1001462
HOU,1001463
JH1,1001463
HOU,1001464
AB1,1001464
PS1,1001465
HOU,1001465
HOU,1001466
JD1,1001466
HOU,1001467
SK3,1001467
HOU,1001468
JD1,1001468
GS1,1001469
HOU,1001469
HOU,1001470
HOU,1001470
TD1,1001471
HOU,1001471
HOU,1001472
JD1,1001472
SL1,1001473
HOU,1001473
BS1,1001474
HOU,1001474
JH1,1001475
HOU,1001475
HOU,1001476
SP1,1001476
PS1,1001477
HOU,1001477
JD1,1001478
HOU,1001478
PS1,1001479
HOU,1001479
HOU,1001480
PS1,1001480
HOU,1001481
CK1,1001481
HOU,1001482
MO1,1001482
HOU,1001483
FO1,1001483
CA1,1001484
HOU,1001484
GB1,1001485
HOU,1001485
HM1,1001486
HOU,1001486
HM1,1001487
HOU,1001487
GS1,1001488
HOU,1001488
SL1,1001489
HOU,1001489
CM1,1001490
HOU,1001490
HOU,1001491
TD1,1001491
BS1,1001492
HOU,1001492
HOU,1001493
BS1,1001493
BS1,1001494
HOU,1001494
JO1,1001495
HOU,1001495
FO1,1001496
HOU,1001496
HOU,1001497
JH1,1001497
HOU,1001498
MO1,1001498
HOU,1001499
JO1,1001499
HOU,1001500
HOU,1001500
HOU,1001501
HOU,1001501
HOU,1001502
JD1,1001502
HOU,1001503
MM1,1001503
GS1,1001504
HOU,1001504
HOU,1001505
HOU,1001505
HOU,1001506
MM1,1001506
SP1,1001507
HOU,1001507
SP1,1001508
HOU,1001508
HOU,1001509
FO1,1001509
HOU,1001510
SP1,1001510
HOU,1001511
HOU,1001511
HOU,1001512
RS1,1001512
HOU,1001513
MO1,1001513
HOU,1001514
CB1,1001514
HOU,1001515
HOU,1001515
HOU,1001516
GS1,1001516
HOU,1001517
PS1,1001517
HOU,1001518
JH1,1001518
HOU,1001519
GS1,1001519
HOU,1001520
GS1,1001520
GS1,1001521
HOU,1001521
PS1,1001522
HOU,1001522
HOU,1001523
PS1,1001523
TD1,1001524
HOU,1001524
HOU,1001525
MB1,1001525
HOU,1001526
GS1,1001526
CK1,1001527
HOU,1001527
HOU,1001528
CK1,1001528
HOU,1001529
TD1,1001529
PS1,1001530
HOU,1001530
HOU,1001531
JD1,1001531
HOU,1001532
JO1,1001532
GS1,1001533
HOU,1001533
CA1,1001534
HOU,1001534
JP1,1001535
HOU,1001535
KB1,1001536
HOU,1001536
AB1,1001537
HOU,1001537
CK1,1001538
HOU,1001538
HOU,1001540
KB1,1001540
SL1,1001541
HOU,1001541
AB1,1001542
HOU,1001542
PS1,1001543
HOU,1001543
HOU,1001544
PS1,1001544
SP1,1001545
HOU,1001545
SP1,1001546
HOU,1001546
HOU,1001547
MO1,1001547
JC2,1001548
HOU,1001548
HOU,1001549
CB1,1001549
HOU,1001550
MO1,1001550
HOU,1001551
FO1,1001551
HOU,1001552
JO1,1001552
PS1,1001553
HOU,1001553
JP1,1001554
HOU,1001554
PS1,1001555
HOU,1001555
AB1,1001556
HOU,1001556
HOU,1001557
HOU,1001557
HOU,1001558
JD1,1001558
HOU,1001559
RH1,1001559
PS1,1001560
HOU,1001560
HOU,1001561
JS1,1001561
HOU,1001562
TD1,1001562
KB1,1001563
HOU,1001563
JC1,1001564
HOU,1001564
HOU,1001565
RN1,1001565
HOU,1001566
HM1,1001566
HOU,1001567
TD1,1001567
HOU,1001568
BS1,1001568
HOU,1001569
HM1,1001569
AG1,1001570
HOU,1001570
JH1,1001571
HOU,1001571
HOU,1001572
RH1,1001572
PS1,1001573
HOU,1001573
JC1,1001574
HOU,1001574
JD1,1001575
HOU,1001575
HOU,1001576
JS1,1001576
HOU,1001577
HOU,1001577
HOU,1001578
SP1,1001578
SP1,1001579
HOU,1001579
HOU,1001580
MO1,1001580
HOU,1001581
HOU,1001581
HOU,1001582
PS1,1001582
HOU,1001583
TD1,1001583
HOU,1001584
GS1,1001584
HOU,1001585
RC1,1001585
SP1,1001586
HOU,1001586
HOU,1001587
GS1,1001587
HOU,1001588
JO1,1001588
HOU,1001589
JS1,1001589
MO1,1001590
HOU,1001590
HOU,1001591
JD1,1001591
TD1,1001592
HOU,1001592
GS1,1001593
HOU,1001593
PS1,1001594
HOU,1001594
HOU,1001595
PS1,1001595
HOU,1001596
JO1,1001596
TD1,1001597
HOU,1001597
HOU,1001598
PS1,1001598
MO1,1001599
HOU,1001599
HOU,1001600
TD1,1001600
HOU,1001601
TD1,1001601
GS1,1001602
HOU,1001602
HOU,1001603
TD1,1001603
SP1,1001604
HOU,1001604
PS1,1001605
HOU,1001605
SL1,1001606
HOU,1001606
HOU,1001607
BS1,1001607
KB1,1001608
HOU,1001608
FO1,1001609
HOU,1001609
HOU,1001610
FO1,1001610
PS1,1001611
HOU,1001611
FO1,1001612
HOU,1001612
HOU,1001613
HOU,1001613
JC2,1001614
HOU,1001614
CB1,1001615
HOU,1001615
HOU,1001616
JC2,1001616
HOU,1001617
AG1,1001617
CB1,1001618
HOU,1001618
PS1,1001619
HOU,1001619
HOU,1001620
PS1,1001620
HOU,1001621
HOU,1001621
HOU,1001622
PS1,1001622
SK3,1001623
HOU,1001623
HOU,1001624
JC2,1001624
TD1,1001625
HOU,1001625
JO1,1001626
HOU,1001626
AB1,1001627
HOU,1001627
SL1,1001628
HOU,1001628
PS1,1001629
HOU,1001629
HOU,1001630
RS1,1001630
HOU,1001631
CB1,1001631
HOU,1001632
JO1,1001632
FO1,1001633
HOU,1001633
HOU,1001634
GS1,1001634
CB1,1001635
HOU,1001635
MO1,1001636
HOU,1001636
GS1,1001637
HOU,1001637
DR1,1001638
HOU,1001638
HOU,1001638
SL1,1001639
HOU,1001639
JD1,1001640
HOU,1001640
TD1,1001641
HOU,1001641
TD1,1001642
HOU,1001642
HOU,1001643
CB1,1001643
HOU,1001644
PS1,1001644
HOU,1001645
TD1,1001645
HOU,1001646
AB1,1001646
JD1,1001647
HOU,1001647
HOU,1001648
SK3,1001648
JD1,1001649
HOU,1001649
HOU,1001650
JD1,1001650
HOU,1001651
PS1,1001651
HOU,1001652
TD1,1001652
HOU,1001653
JD1,1001653
JC2,1001654
HOU,1001654
JC2,1001655
HOU,1001655
HOU,1001656
JC2,1001656
HOU,1001657
PS1,1001657
CK1,1001658
HOU,1001658
TD1,1001659
HOU,1001659
HOU,1001660
PS1,1001660
HOU,1001661
SC1,1001661
PS1,1001662
HOU,1001662
HOU,1001663
JO1,1001663
HOU,1001664
CA1,1001664
HOU,1001665
RS1,1001665
SL1,1001666
HOU,1001666
HOU,1001667
HOU,1001667
CA1,1001668
HOU,1001668
SL1,1001669
HOU,1001669
HOU,1001670
KB1,1001670
PS1,1001671
HOU,1001671
PS1,1001672
HOU,1001672
HOU,1001673
AB1,1001673
HOU,1001674
JD1,1001674
HOU,1001675
SC1,1001675
HOU,1001676
PS1,1001676
HOU,1001677
FO1,1001677
HOU,1001678
JO1,1001678
HOU,1001679
JD1,1001679
HOU,1001680
FO1,1001680
JC1,1001681
HOU,1001681
AB1,1001682
HOU,1001682
HOU,1001683
CA1,1001683
JD1,1001684
HOU,1001684
HOU,1001685
CA1,1001685
SC1,1001686
HOU,1001686
HM1,1001687
HOU,1001687
HOU,1001688
JC2,1001688
HOU,1001689
MO1,1001689
HOU,1001690
CA1,1001690
PS1,1001691
HOU,1001691
HOU,1001692
CM1,1001692
JD1,1001693
HOU,1001693
SL1,1001694
HOU,1001694
HOU,1001695
HOU,1001695
HOU,1001696
HOU,1001696
JD1,1001697
HOU,1001697
HOU,1001698
MO1,1001698
HOU,1001699
DR1,1001699
HOU,1001699
DR1,1001700
HOU,1001700
HOU,1001700
HOU,1001701
HOU,1001701
HOU,1001702
HOU,1001702
PS1,1001703
HOU,1001703
GB1,1001704
HOU,1001704
